3.3622e+05,2.6608e+05,2.6313e+05,2.7054e+05,2.724e+05,2.6736e+05,2.98e+05,2.6785e+05,2.6755e+05,2.4533e+05,2.6776e+05,2.6272e+05,2.6142e+05,2.6595e+05,2.6536e+05,2.4111e+05,2.6214e+05,2.6248e+05,2.6633e+05,2.6646e+05,2.5957e+05,2.507e+05,2.6175e+05,2.6237e+05,2.6213e+05,2.5489e+05,2.4759e+05,2.5947e+05,2.8792e+05,2.5371e+05,2.591e+05,2.4426e+05,2.5763e+05,2.8795e+05,2.5606e+05,2.5747e+05,2.62e+05,2.5481e+05,2.6326e+05,2.5818e+05,2.5837e+05,2.5756e+05,2.423e+05,2.5653e+05,2.5908e+05,2.525e+05,2.5957e+05,2.5001e+05,2.5201e+05,2.5069e+05,2.4496e+05,2.4432e+05,2.3685e+05,2.3012e+05,2.0887e+05,1.8371e+05,1.42e+05,97312,75572,68619,1.3325e+05,1.6265e+05,1.9659e+05,2.1687e+05,2.3263e+05,2.679e+05,2.4928e+05,2.5896e+05,2.5753e+05,2.6019e+05,2.6006e+05,2.7543e+05,2.6312e+05,2.6341e+05,2.4629e+05,2.6548e+05,2.6956e+05,2.7726e+05,2.6455e+05,2.6732e+05,2.7048e+05,2.6353e+05,2.713e+05,2.6929e+05,2.7604e+05,2.6521e+05,2.7438e+05,2.7218e+05,2.8375e+05,2.7377e+05,2.7591e+05,2.778e+05,2.5488e+05,2.7561e+05,2.7634e+05,2.8394e+05,2.7006e+05,2.7504e+05,2.7172e+05,2.7849e+05,2.8133e+05
1.708e+05,1.6826e+05,1.6643e+05,1.6518e+05,1.6094e+05,1.5657e+05,1.5554e+05,1.6441e+05,1.5346e+05,1.5177e+05,1.4889e+05,1.4274e+05,1.446e+05,1.2326e+05,1.0826e+05,99827,64767,43303,29596,39163,68133,91883,1.1697e+05,1.2663e+05,1.4601e+05,1.4404e+05,1.4637e+05,1.523e+05,1.5066e+05,1.5384e+05,1.6155e+05,1.7124e+05,1.6417e+05,1.6836e+05,1.7237e+05,1.7177e+05,1.7213e+05,1.796e+05,1.7659e+05,1.8096e+05,1.8172e+05,1.8653e+05,1.893e+05,1.9017e+05,1.87e+05,1.8595e+05,1.8684e+05,1.8444e+05,1.8711e+05,NaN,NaN,NaN,NaN,NaN,NaN,NaN,NaN,NaN,NaN,NaN,NaN,NaN,NaN,NaN,NaN,NaN,NaN,NaN,NaN,NaN,NaN,NaN,NaN,NaN,NaN,NaN,NaN,NaN,NaN,NaN,NaN,NaN,NaN,NaN,NaN,NaN,NaN,NaN,NaN,NaN,NaN,NaN,NaN,NaN,NaN,NaN,NaN,NaN,NaN,NaN,NaN
3.6671e+05,3.1971e+05,3.3366e+05,3.2381e+05,3.2499e+05,3.1806e+05,3.1752e+05,3.2629e+05,3.1873e+05,3.1698e+05,3.0942e+05,3.2063e+05,3.139e+05,3.1577e+05,3.0878e+05,3.1901e+05,3.0621e+05,3.1371e+05,3.0716e+05,3.1072e+05,3.0964e+05,3.0303e+05,2.995e+05,3.0754e+05,3.0421e+05,2.9486e+05,3.1402e+05,3.0433e+05,3.1253e+05,3.0217e+05,2.9906e+05,3.0592e+05,3.0942e+05,3.0827e+05,3.0811e+05,3.0716e+05,3.0516e+05,2.9674e+05,3.0471e+05,2.9378e+05,2.9191e+05,2.9042e+05,2.9579e+05,2.7548e+05,2.8069e+05,2.5836e+05,2.3545e+05,1.9894e+05,1.2926e+05,69268,58052,86362,1.6097e+05,2.0301e+05,2.3418e+05,2.5181e+05,2.7656e+05,2.8521e+05,2.7837e+05,2.8988e+05,3.0643e+05,3.0363e+05,2.8193e+05,2.9623e+05,3.0205e+05,3.0144e+05,3.0236e+05,3.0846e+05,3.0875e+05,3.0808e+05,3.0942e+05,3.1507e+05,3.2337e+05,3.0497e+05,3.0367e+05,3.1482e+05,3.1822e+05,2.9521e+05,3.2184e+05,3.1456e+05,3.131e+05,3.1866e+05,3.1415e+05,3.1762e+05,3.2213e+05,3.1282e+05,3.2244e+05,3.1171e+05,3.2832e+05,3.1638e+05,3.3109e+05,3.1638e+05,3.2842e+05,3.2337e+05,3.1812e+05,3.3007e+05,3.227e+05,3.2502e+05,3.2359e+05,3.2553e+05,3.3506e+05
1.6693e+05,1.6079e+05,1.5963e+05,1.5473e+05,1.5376e+05,1.5968e+05,1.5461e+05,1.4746e+05,1.4798e+05,1.4581e+05,1.427e+05,1.3959e+05,1.3192e+05,1.1891e+05,1.0696e+05,81368,55837,34595,28605,45077,71570,96067,1.1681e+05,1.3108e+05,1.3736e+05,1.4208e+05,1.472e+05,1.4572e+05,1.4855e+05,1.5516e+05,1.6086e+05,1.6587e+05,1.6193e+05,1.6236e+05,1.693e+05,1.7234e+05,1.7192e+05,1.7994e+05,1.7892e+05,1.7839e+05,1.7869e+05,1.7972e+05,1.8135e+05,1.8164e+05,1.8265e+05,1.8445e+05,1.8475e+05,1.8625e+05,1.8932e+05,NaN,NaN,NaN,NaN,NaN,NaN,NaN,NaN,NaN,NaN,NaN,NaN,NaN,NaN,NaN,NaN,NaN,NaN,NaN,NaN,NaN,NaN,NaN,NaN,NaN,NaN,NaN,NaN,NaN,NaN,NaN,NaN,NaN,NaN,NaN,NaN,NaN,NaN,NaN,NaN,NaN,NaN,NaN,NaN,NaN,NaN,NaN,NaN,NaN,NaN,NaN,NaN
1.6263e+05,1.6068e+05,1.5451e+05,1.4963e+05,1.4634e+05,1.4751e+05,1.4668e+05,1.4315e+05,1.4165e+05,1.3916e+05,1.3701e+05,1.3654e+05,1.3558e+05,1.3491e+05,1.2728e+05,1.2431e+05,1.2263e+05,1.1482e+05,1.0356e+05,83201,61679,36149,30255,35778,57178,81118,1.0189e+05,1.0732e+05,1.2419e+05,1.2165e+05,1.2608e+05,1.354e+05,1.3627e+05,1.4043e+05,1.4175e+05,1.4463e+05,1.4709e+05,1.4911e+05,1.5105e+05,1.546e+05,1.519e+05,1.5649e+05,1.5499e+05,1.5767e+05,1.5999e+05,1.6217e+05,1.6445e+05,1.6565e+05,1.6284e+05,NaN,NaN,NaN,NaN,NaN,NaN,NaN,NaN,NaN,NaN,NaN,NaN,NaN,NaN,NaN,NaN,NaN,NaN,NaN,NaN,NaN,NaN,NaN,NaN,NaN,NaN,NaN,NaN,NaN,NaN,NaN,NaN,NaN,NaN,NaN,NaN,NaN,NaN,NaN,NaN,NaN,NaN,NaN,NaN,NaN,NaN,NaN,NaN,NaN,NaN,NaN,NaN
1.9956e+05,1.9638e+05,1.9681e+05,1.9088e+05,1.8832e+05,1.8378e+05,1.8276e+05,1.7846e+05,1.7526e+05,1.806e+05,1.7579e+05,1.7586e+05,1.7386e+05,1.7505e+05,1.6787e+05,1.6342e+05,1.5645e+05,1.549e+05,1.3647e+05,1.2123e+05,95045,54675,28261,42055,63514,95286,1.2391e+05,1.411e+05,1.5286e+05,1.6149e+05,1.631e+05,1.732e+05,1.7355e+05,1.6959e+05,1.8113e+05,1.7876e+05,1.7616e+05,1.8455e+05,1.8513e+05,1.8707e+05,1.9131e+05,1.9013e+05,1.9558e+05,1.9831e+05,2.022e+05,2.0273e+05,2.013e+05,2.0266e+05,2.1156e+05,NaN,NaN,NaN,NaN,NaN,NaN,NaN,NaN,NaN,NaN,NaN,NaN,NaN,NaN,NaN,NaN,NaN,NaN,NaN,NaN,NaN,NaN,NaN,NaN,NaN,NaN,NaN,NaN,NaN,NaN,NaN,NaN,NaN,NaN,NaN,NaN,NaN,NaN,NaN,NaN,NaN,NaN,NaN,NaN,NaN,NaN,NaN,NaN,NaN,NaN,NaN,NaN
1.8069e+05,1.7169e+05,1.6855e+05,1.711e+05,1.7195e+05,1.6952e+05,1.6531e+05,1.6264e+05,1.613e+05,1.5875e+05,1.5365e+05,1.4358e+05,1.3393e+05,1.1938e+05,96918,71539,36356,31150,38115,69292,98748,1.2452e+05,1.4094e+05,1.51e+05,1.543e+05,1.5781e+05,1.6443e+05,1.6913e+05,1.6774e+05,1.7453e+05,1.774e+05,1.7696e+05,1.7996e+05,1.8323e+05,1.8302e+05,1.8846e+05,1.9582e+05,1.8965e+05,1.9531e+05,1.9455e+05,1.9459e+05,1.997e+05,2.0004e+05,1.9617e+05,2.0302e+05,2.032e+05,2.0133e+05,2.04e+05,2.0258e+05,NaN,NaN,NaN,NaN,NaN,NaN,NaN,NaN,NaN,NaN,NaN,NaN,NaN,NaN,NaN,NaN,NaN,NaN,NaN,NaN,NaN,NaN,NaN,NaN,NaN,NaN,NaN,NaN,NaN,NaN,NaN,NaN,NaN,NaN,NaN,NaN,NaN,NaN,NaN,NaN,NaN,NaN,NaN,NaN,NaN,NaN,NaN,NaN,NaN,NaN,NaN,NaN
2.9028e+05,2.8392e+05,2.8053e+05,2.7041e+05,2.6613e+05,2.613e+05,2.6928e+05,2.6425e+05,2.6225e+05,2.607e+05,2.614e+05,2.5124e+05,2.4175e+05,2.3671e+05,2.2172e+05,2.016e+05,1.7568e+05,1.1865e+05,73608,40205,53124,1.0406e+05,1.5556e+05,1.9123e+05,2.2218e+05,2.3681e+05,2.4797e+05,2.5146e+05,2.6071e+05,2.6046e+05,2.6208e+05,2.6967e+05,2.7988e+05,2.839e+05,2.8141e+05,2.9047e+05,2.8815e+05,2.957e+05,3.0045e+05,2.9636e+05,3.0913e+05,3.0739e+05,3.0757e+05,3.1155e+05,3.1074e+05,3.0696e+05,3.1207e+05,3.1383e+05,3.1807e+05,NaN,NaN,NaN,NaN,NaN,NaN,NaN,NaN,NaN,NaN,NaN,NaN,NaN,NaN,NaN,NaN,NaN,NaN,NaN,NaN,NaN,NaN,NaN,NaN,NaN,NaN,NaN,NaN,NaN,NaN,NaN,NaN,NaN,NaN,NaN,NaN,NaN,NaN,NaN,NaN,NaN,NaN,NaN,NaN,NaN,NaN,NaN,NaN,NaN,NaN,NaN,NaN
1.653e+05,1.6218e+05,1.5575e+05,1.4968e+05,1.5096e+05,1.5373e+05,1.5357e+05,1.5571e+05,1.541e+05,1.5209e+05,1.441e+05,1.3855e+05,1.3132e+05,1.2012e+05,1.0383e+05,84315,55422,42956,44133,63098,91909,1.1414e+05,1.2633e+05,1.3387e+05,1.408e+05,1.4484e+05,1.48e+05,1.5199e+05,1.5551e+05,1.6146e+05,1.5886e+05,1.6291e+05,1.6751e+05,1.6905e+05,1.6891e+05,1.7611e+05,1.7238e+05,1.7455e+05,1.7863e+05,1.7547e+05,1.8009e+05,1.7912e+05,1.7954e+05,1.8079e+05,1.814e+05,1.7719e+05,1.8494e+05,1.8266e+05,1.835e+05,NaN,NaN,NaN,NaN,NaN,NaN,NaN,NaN,NaN,NaN,NaN,NaN,NaN,NaN,NaN,NaN,NaN,NaN,NaN,NaN,NaN,NaN,NaN,NaN,NaN,NaN,NaN,NaN,NaN,NaN,NaN,NaN,NaN,NaN,NaN,NaN,NaN,NaN,NaN,NaN,NaN,NaN,NaN,NaN,NaN,NaN,NaN,NaN,NaN,NaN,NaN,NaN
1.582e+05,1.5467e+05,1.5243e+05,1.525e+05,1.5304e+05,1.5021e+05,1.4515e+05,1.4382e+05,1.4122e+05,1.3953e+05,1.366e+05,1.2645e+05,1.1642e+05,97822,76391,52909,39618,39844,49205,76590,99331,1.1802e+05,1.2438e+05,1.3186e+05,1.3855e+05,1.4136e+05,1.4506e+05,1.4787e+05,1.5154e+05,1.5409e+05,1.5792e+05,1.6131e+05,1.6102e+05,1.5831e+05,1.6799e+05,1.6954e+05,1.6931e+05,1.7171e+05,1.7097e+05,1.7577e+05,1.7562e+05,1.7548e+05,1.743e+05,1.7775e+05,1.7881e+05,1.8158e+05,1.8187e+05,1.8311e+05,1.7891e+05,NaN,NaN,NaN,NaN,NaN,NaN,NaN,NaN,NaN,NaN,NaN,NaN,NaN,NaN,NaN,NaN,NaN,NaN,NaN,NaN,NaN,NaN,NaN,NaN,NaN,NaN,NaN,NaN,NaN,NaN,NaN,NaN,NaN,NaN,NaN,NaN,NaN,NaN,NaN,NaN,NaN,NaN,NaN,NaN,NaN,NaN,NaN,NaN,NaN,NaN,NaN,NaN
3.2637e+05,2.8705e+05,2.856e+05,2.8331e+05,2.7881e+05,2.7267e+05,2.7119e+05,2.913e+05,2.8375e+05,2.8215e+05,2.8314e+05,2.7744e+05,2.8604e+05,2.8342e+05,2.8211e+05,2.5582e+05,2.7724e+05,2.8206e+05,2.7746e+05,2.7803e+05,2.7847e+05,2.7707e+05,2.7744e+05,2.7878e+05,2.7484e+05,2.7443e+05,2.721e+05,2.7583e+05,2.7154e+05,2.7223e+05,2.7348e+05,2.8606e+05,2.7159e+05,2.0359e+05,2.7496e+05,2.7517e+05,2.8351e+05,2.7306e+05,2.7487e+05,2.7698e+05,2.7293e+05,2.7012e+05,2.6235e+05,2.6292e+05,2.5769e+05,2.5703e+05,2.4477e+05,2.3811e+05,2.1171e+05,1.841e+05,1.3855e+05,79989,56009,77092,1.2496e+05,1.6841e+05,2.0636e+05,2.2957e+05,2.546e+05,2.1054e+05,2.5813e+05,2.6695e+05,2.71e+05,2.7522e+05,2.752e+05,2.7506e+05,2.7808e+05,2.6527e+05,2.7753e+05,2.7682e+05,2.8112e+05,2.7799e+05,2.8452e+05,2.8681e+05,2.8364e+05,2.9277e+05,2.8573e+05,2.8505e+05,2.878e+05,2.8782e+05,2.222e+05,2.9429e+05,2.8545e+05,2.9095e+05,2.871e+05,2.9959e+05,3.0554e+05,2.8749e+05,2.8837e+05,2.893e+05,2.8699e+05,2.9256e+05,2.9489e+05,2.9706e+05,2.9869e+05,2.9511e+05,2.9561e+05,2.9222e+05,2.9671e+05,2.9317e+05,3.2445e+05
1.8358e+05,1.7976e+05,1.8002e+05,1.7416e+05,1.7677e+05,1.743e+05,1.7648e+05,1.6836e+05,1.672e+05,1.6516e+05,1.6277e+05,1.6187e+05,1.6235e+05,1.5439e+05,1.5617e+05,1.5315e+05,1.5419e+05,1.4659e+05,1.4156e+05,1.3783e+05,1.2986e+05,1.1724e+05,1.0207e+05,75544,42661,31734,37159,53929,90119,1.1087e+05,1.3205e+05,1.4071e+05,1.4735e+05,1.4709e+05,1.5235e+05,1.5035e+05,1.5768e+05,1.6416e+05,1.6696e+05,1.6471e+05,1.7369e+05,1.7313e+05,1.7632e+05,1.8222e+05,1.7871e+05,1.8453e+05,1.863e+05,1.8811e+05,1.8941e+05,NaN,NaN,NaN,NaN,NaN,NaN,NaN,NaN,NaN,NaN,NaN,NaN,NaN,NaN,NaN,NaN,NaN,NaN,NaN,NaN,NaN,NaN,NaN,NaN,NaN,NaN,NaN,NaN,NaN,NaN,NaN,NaN,NaN,NaN,NaN,NaN,NaN,NaN,NaN,NaN,NaN,NaN,NaN,NaN,NaN,NaN,NaN,NaN,NaN,NaN,NaN,NaN
3.7047e+05,3.2725e+05,3.1717e+05,3.1934e+05,3.2116e+05,3.2046e+05,3.1034e+05,3.1667e+05,3.1377e+05,3.1889e+05,3.1308e+05,3.2414e+05,3.1477e+05,3.3312e+05,3.1074e+05,3.093e+05,2.9399e+05,3.0711e+05,3.1256e+05,3.1006e+05,3.0641e+05,2.9888e+05,3.1681e+05,3.0848e+05,3.1102e+05,3.0858e+05,3.0271e+05,3.0633e+05,3.243e+05,3.0984e+05,3.2979e+05,3.1072e+05,3.0625e+05,2.974e+05,3.0657e+05,3.0323e+05,2.9886e+05,2.9555e+05,2.9012e+05,2.7187e+05,2.7259e+05,2.5907e+05,2.3943e+05,2.199e+05,1.5843e+05,73328,63186,74166,1.4256e+05,1.8954e+05,2.5045e+05,2.6083e+05,2.7347e+05,3.0126e+05,3.1058e+05,2.9946e+05,3.0705e+05,3.0116e+05,3.0629e+05,3.2036e+05,3.089e+05,3.0653e+05,3.3302e+05,3.0745e+05,3.122e+05,3.1549e+05,3.1419e+05,3.1242e+05,3.0922e+05,3.1238e+05,3.0868e+05,3.1942e+05,3.1793e+05,3.2168e+05,3.1805e+05,3.1455e+05,3.1849e+05,3.1847e+05,3.2248e+05,3.2006e+05,3.1948e+05,3.2268e+05,3.2675e+05,3.2454e+05,3.4558e+05,3.2883e+05,3.2497e+05,3.4676e+05,3.244e+05,3.2412e+05,3.2691e+05,3.305e+05,3.2997e+05,3.3342e+05,3.2987e+05,3.2781e+05,3.3166e+05,3.3072e+05,3.2777e+05,3.3306e+05,3.2711e+05
1.7468e+05,1.7257e+05,1.7036e+05,1.721e+05,1.6622e+05,1.6923e+05,1.6465e+05,1.6197e+05,1.6261e+05,1.5942e+05,1.5126e+05,1.4416e+05,1.3168e+05,1.1707e+05,88429,60620,43825,40706,58726,85942,1.141e+05,1.3026e+05,1.411e+05,1.5079e+05,1.5838e+05,1.5865e+05,1.6198e+05,1.6375e+05,1.7382e+05,1.7421e+05,1.8044e+05,1.7844e+05,1.8325e+05,1.8749e+05,1.871e+05,1.9031e+05,1.888e+05,1.9378e+05,1.9892e+05,1.9599e+05,1.9944e+05,2.0051e+05,2.0115e+05,2.0258e+05,2.0149e+05,1.9601e+05,2.0146e+05,2.017e+05,2.0158e+05,NaN,NaN,NaN,NaN,NaN,NaN,NaN,NaN,NaN,NaN,NaN,NaN,NaN,NaN,NaN,NaN,NaN,NaN,NaN,NaN,NaN,NaN,NaN,NaN,NaN,NaN,NaN,NaN,NaN,NaN,NaN,NaN,NaN,NaN,NaN,NaN,NaN,NaN,NaN,NaN,NaN,NaN,NaN,NaN,NaN,NaN,NaN,NaN,NaN,NaN,NaN,NaN
1.8784e+05,1.8094e+05,1.7633e+05,1.7204e+05,1.7684e+05,1.732e+05,1.7576e+05,1.6914e+05,1.6623e+05,1.6971e+05,1.6341e+05,1.5505e+05,1.4819e+05,1.3287e+05,1.1336e+05,90641,57611,36525,35905,49840,84903,1.1253e+05,1.3907e+05,1.4693e+05,1.5636e+05,1.6158e+05,1.6279e+05,1.6832e+05,1.7149e+05,1.7869e+05,1.7956e+05,1.8584e+05,1.8422e+05,1.899e+05,1.9581e+05,1.9377e+05,1.9452e+05,1.9408e+05,2.0114e+05,2.0338e+05,2.0089e+05,2.0503e+05,2.0453e+05,2.0182e+05,1.9989e+05,2.0456e+05,2.091e+05,2.0931e+05,2.0758e+05,NaN,NaN,NaN,NaN,NaN,NaN,NaN,NaN,NaN,NaN,NaN,NaN,NaN,NaN,NaN,NaN,NaN,NaN,NaN,NaN,NaN,NaN,NaN,NaN,NaN,NaN,NaN,NaN,NaN,NaN,NaN,NaN,NaN,NaN,NaN,NaN,NaN,NaN,NaN,NaN,NaN,NaN,NaN,NaN,NaN,NaN,NaN,NaN,NaN,NaN,NaN,NaN
2.651e+05,2.5411e+05,2.4947e+05,2.4407e+05,2.4779e+05,2.5643e+05,2.5175e+05,2.449e+05,2.4169e+05,2.3956e+05,2.34e+05,2.4559e+05,2.1336e+05,1.973e+05,1.6739e+05,1.2658e+05,81922,44663,48768,86243,1.3861e+05,1.7182e+05,2.1721e+05,2.1886e+05,2.3477e+05,2.3077e+05,2.3666e+05,2.4898e+05,2.4853e+05,2.5447e+05,2.6282e+05,2.6964e+05,2.9015e+05,2.7e+05,2.9669e+05,2.8879e+05,2.7892e+05,2.8781e+05,2.8793e+05,2.9465e+05,2.9505e+05,3.2962e+05,3.0021e+05,3.0873e+05,3.1417e+05,3.1842e+05,3.1606e+05,3.1745e+05,3.1736e+05,NaN,NaN,NaN,NaN,NaN,NaN,NaN,NaN,NaN,NaN,NaN,NaN,NaN,NaN,NaN,NaN,NaN,NaN,NaN,NaN,NaN,NaN,NaN,NaN,NaN,NaN,NaN,NaN,NaN,NaN,NaN,NaN,NaN,NaN,NaN,NaN,NaN,NaN,NaN,NaN,NaN,NaN,NaN,NaN,NaN,NaN,NaN,NaN,NaN,NaN,NaN,NaN
1.6872e+05,1.6013e+05,1.6357e+05,1.6328e+05,1.5495e+05,1.5244e+05,1.5155e+05,1.4935e+05,1.4896e+05,1.483e+05,1.4542e+05,1.4524e+05,1.4004e+05,1.3532e+05,1.3665e+05,1.2809e+05,1.1589e+05,1.0476e+05,85086,64444,43829,35551,39874,65757,90922,1.1281e+05,1.2441e+05,1.3577e+05,1.3374e+05,1.4073e+05,1.3926e+05,1.4629e+05,1.4922e+05,1.5547e+05,1.5717e+05,1.5682e+05,1.6178e+05,1.6261e+05,1.6164e+05,1.6413e+05,1.6897e+05,1.6964e+05,1.6947e+05,1.7032e+05,1.7279e+05,1.7237e+05,1.7508e+05,1.7238e+05,1.7671e+05,NaN,NaN,NaN,NaN,NaN,NaN,NaN,NaN,NaN,NaN,NaN,NaN,NaN,NaN,NaN,NaN,NaN,NaN,NaN,NaN,NaN,NaN,NaN,NaN,NaN,NaN,NaN,NaN,NaN,NaN,NaN,NaN,NaN,NaN,NaN,NaN,NaN,NaN,NaN,NaN,NaN,NaN,NaN,NaN,NaN,NaN,NaN,NaN,NaN,NaN,NaN,NaN
1.9313e+05,1.8762e+05,1.8309e+05,1.8069e+05,1.7808e+05,1.7137e+05,1.7115e+05,1.7264e+05,1.6901e+05,1.6907e+05,1.6344e+05,1.6265e+05,1.5651e+05,1.5187e+05,1.3762e+05,1.2133e+05,1.0169e+05,74160,46841,39796,47789,68278,1.0354e+05,1.2538e+05,1.414e+05,1.5353e+05,1.5713e+05,1.6241e+05,1.668e+05,1.7184e+05,1.7245e+05,1.8079e+05,1.8024e+05,1.8226e+05,1.8463e+05,1.8871e+05,1.9026e+05,1.9369e+05,1.9513e+05,1.9948e+05,1.9792e+05,2.0215e+05,2.0076e+05,2.0255e+05,2.0648e+05,2.0359e+05,2.0909e+05,2.0679e+05,2.1082e+05,NaN,NaN,NaN,NaN,NaN,NaN,NaN,NaN,NaN,NaN,NaN,NaN,NaN,NaN,NaN,NaN,NaN,NaN,NaN,NaN,NaN,NaN,NaN,NaN,NaN,NaN,NaN,NaN,NaN,NaN,NaN,NaN,NaN,NaN,NaN,NaN,NaN,NaN,NaN,NaN,NaN,NaN,NaN,NaN,NaN,NaN,NaN,NaN,NaN,NaN,NaN,NaN
3.7053e+05,3.5865e+05,3.5308e+05,3.4924e+05,3.3796e+05,3.4314e+05,3.4291e+05,3.3907e+05,3.3547e+05,3.3089e+05,3.3217e+05,3.2013e+05,3.0956e+05,2.9623e+05,2.7354e+05,2.4475e+05,1.9574e+05,1.2489e+05,59312,44559,81878,1.517e+05,2.1282e+05,2.5559e+05,2.8796e+05,3.0355e+05,3.0564e+05,3.1609e+05,3.225e+05,3.2808e+05,3.4258e+05,3.4936e+05,3.5048e+05,3.5633e+05,3.6236e+05,3.6139e+05,3.7179e+05,3.7602e+05,3.8219e+05,3.7951e+05,3.8012e+05,4.0024e+05,3.9279e+05,3.891e+05,3.9214e+05,3.9298e+05,3.9178e+05,3.9767e+05,3.9337e+05,NaN,NaN,NaN,NaN,NaN,NaN,NaN,NaN,NaN,NaN,NaN,NaN,NaN,NaN,NaN,NaN,NaN,NaN,NaN,NaN,NaN,NaN,NaN,NaN,NaN,NaN,NaN,NaN,NaN,NaN,NaN,NaN,NaN,NaN,NaN,NaN,NaN,NaN,NaN,NaN,NaN,NaN,NaN,NaN,NaN,NaN,NaN,NaN,NaN,NaN,NaN,NaN
1.8226e+05,1.8407e+05,1.7775e+05,1.7772e+05,1.7292e+05,1.7159e+05,1.7031e+05,1.6776e+05,1.6456e+05,1.6493e+05,1.6516e+05,1.6048e+05,1.5748e+05,1.5634e+05,1.4856e+05,1.3787e+05,1.2231e+05,1.0594e+05,73531,50876,37753,49353,76821,1.0001e+05,1.2062e+05,1.417e+05,1.4598e+05,1.5426e+05,1.5981e+05,1.6433e+05,1.6746e+05,1.7707e+05,1.7376e+05,1.7695e+05,1.7718e+05,1.779e+05,1.8295e+05,1.8458e+05,1.8656e+05,1.9005e+05,1.9281e+05,1.9419e+05,1.9364e+05,1.9326e+05,1.9497e+05,2.0071e+05,2.0057e+05,1.9671e+05,1.9744e+05,NaN,NaN,NaN,NaN,NaN,NaN,NaN,NaN,NaN,NaN,NaN,NaN,NaN,NaN,NaN,NaN,NaN,NaN,NaN,NaN,NaN,NaN,NaN,NaN,NaN,NaN,NaN,NaN,NaN,NaN,NaN,NaN,NaN,NaN,NaN,NaN,NaN,NaN,NaN,NaN,NaN,NaN,NaN,NaN,NaN,NaN,NaN,NaN,NaN,NaN,NaN,NaN
1.7434e+05,1.8528e+05,1.826e+05,1.8447e+05,1.8312e+05,1.8283e+05,1.8165e+05,1.8455e+05,1.8068e+05,1.8311e+05,1.8023e+05,1.8461e+05,1.7925e+05,2.0143e+05,1.7956e+05,1.7995e+05,1.779e+05,1.764e+05,1.7664e+05,1.7342e+05,1.7071e+05,1.74e+05,1.7504e+05,1.7585e+05,1.7603e+05,1.7656e+05,1.7428e+05,1.7532e+05,1.5359e+05,1.7462e+05,1.7707e+05,1.7789e+05,1.7334e+05,1.7853e+05,1.7314e+05,1.7589e+05,1.7365e+05,1.7216e+05,1.7181e+05,1.687e+05,1.6857e+05,1.6973e+05,1.3596e+05,1.4075e+05,1.3949e+05,1.4826e+05,1.3424e+05,1.0381e+05,73451,43613,31514,49040,83654,1.1534e+05,1.3483e+05,1.523e+05,1.6203e+05,1.6564e+05,1.706e+05,1.7199e+05,1.7428e+05,1.758e+05,1.3255e+05,1.8528e+05,1.7786e+05,1.7702e+05,1.7966e+05,1.7966e+05,1.8066e+05,1.7944e+05,1.7928e+05,1.8206e+05,1.7868e+05,1.8226e+05,1.8306e+05,1.9494e+05,1.8031e+05,1.8255e+05,1.8372e+05,1.8376e+05,1.8546e+05,1.8842e+05,1.8665e+05,1.8348e+05,1.8139e+05,1.8599e+05,1.857e+05,1.8601e+05,1.8695e+05,1.8481e+05,1.8838e+05,1.8924e+05,2.1967e+05,1.8867e+05,1.864e+05,1.8711e+05,2.0368e+05,1.8796e+05,1.8639e+05,1.9031e+05,1.9175e+05
1.4375e+05,1.3702e+05,1.3454e+05,1.3311e+05,1.3451e+05,1.3409e+05,1.3002e+05,1.2988e+05,1.3115e+05,1.3318e+05,1.3504e+05,1.3085e+05,1.2899e+05,1.262e+05,1.2641e+05,1.1621e+05,1.0874e+05,86741,44371,21073,29890,76270,98688,1.1577e+05,1.4427e+05,1.2719e+05,1.272e+05,1.3182e+05,1.3034e+05,1.329e+05,1.324e+05,1.3433e+05,1.3574e+05,1.3542e+05,1.3657e+05,1.3398e+05,1.3866e+05,1.4023e+05,1.4063e+05,1.4105e+05,1.4084e+05,1.3919e+05,1.4142e+05,1.3882e+05,1.4137e+05,1.5081e+05,1.4386e+05,1.4039e+05,1.4347e+05,NaN,NaN,NaN,NaN,NaN,NaN,NaN,NaN,NaN,NaN,NaN,NaN,NaN,NaN,NaN,NaN,NaN,NaN,NaN,NaN,NaN,NaN,NaN,NaN,NaN,NaN,NaN,NaN,NaN,NaN,NaN,NaN,NaN,NaN,NaN,NaN,NaN,NaN,NaN,NaN,NaN,NaN,NaN,NaN,NaN,NaN,NaN,NaN,NaN,NaN,NaN,NaN
1.719e+05,1.6665e+05,1.6454e+05,1.6468e+05,1.6103e+05,1.6138e+05,1.6191e+05,1.567e+05,1.5574e+05,1.5247e+05,1.4688e+05,1.3487e+05,1.2064e+05,1.0314e+05,82451,49502,36610,35375,49673,82099,1.0952e+05,1.2494e+05,1.3771e+05,1.446e+05,1.4984e+05,1.5782e+05,1.5794e+05,1.6306e+05,1.6506e+05,1.6881e+05,1.7317e+05,1.7272e+05,1.7435e+05,1.7647e+05,1.8093e+05,1.8307e+05,1.8959e+05,1.8504e+05,1.937e+05,1.9038e+05,1.9523e+05,1.9189e+05,1.9064e+05,1.9655e+05,1.9735e+05,1.9683e+05,1.9823e+05,1.9941e+05,2.0017e+05,NaN,NaN,NaN,NaN,NaN,NaN,NaN,NaN,NaN,NaN,NaN,NaN,NaN,NaN,NaN,NaN,NaN,NaN,NaN,NaN,NaN,NaN,NaN,NaN,NaN,NaN,NaN,NaN,NaN,NaN,NaN,NaN,NaN,NaN,NaN,NaN,NaN,NaN,NaN,NaN,NaN,NaN,NaN,NaN,NaN,NaN,NaN,NaN,NaN,NaN,NaN,NaN
3.7974e+05,3.2464e+05,3.2403e+05,3.278e+05,3.2643e+05,3.2698e+05,3.2284e+05,3.2359e+05,3.2416e+05,3.2468e+05,3.2353e+05,3.2516e+05,3.1478e+05,3.219e+05,3.1283e+05,3.1742e+05,3.1673e+05,3.1144e+05,3.117e+05,3.1333e+05,3.1181e+05,3.132e+05,3.0984e+05,2.8809e+05,3.3627e+05,3.1255e+05,3.122e+05,3.1926e+05,3.1855e+05,3.1634e+05,2.8214e+05,3.2106e+05,3.2041e+05,3.1368e+05,3.1467e+05,3.1238e+05,3.0614e+05,3.0663e+05,3.0447e+05,3.0074e+05,2.953e+05,2.8653e+05,2.7925e+05,2.6195e+05,2.3611e+05,1.914e+05,1.1221e+05,70754,62172,92618,1.6408e+05,2.206e+05,2.4783e+05,2.6517e+05,2.8766e+05,2.9528e+05,3.0053e+05,3.0672e+05,3.104e+05,3.1266e+05,3.2019e+05,3.1348e+05,3.2203e+05,3.1818e+05,3.1446e+05,3.1957e+05,3.1575e+05,3.2362e+05,3.1159e+05,3.1645e+05,3.2331e+05,3.21e+05,3.2338e+05,3.1785e+05,3.2769e+05,3.2444e+05,3.6493e+05,3.0438e+05,3.1695e+05,3.2162e+05,3.2416e+05,3.3187e+05,3.2724e+05,3.2947e+05,3.2814e+05,3.4092e+05,3.4322e+05,3.8193e+05,3.3031e+05,3.338e+05,3.3389e+05,3.2903e+05,3.1673e+05,3.4645e+05,3.6018e+05,3.3172e+05,3.3341e+05,3.3759e+05,3.3687e+05,3.3189e+05,3.8648e+05
1.6574e+05,1.6469e+05,1.5836e+05,1.6128e+05,1.6169e+05,1.5626e+05,1.5544e+05,1.5381e+05,1.5031e+05,1.4466e+05,1.4197e+05,1.3332e+05,1.183e+05,1.0625e+05,79909,50810,32779,33867,50206,78030,1.0556e+05,1.2291e+05,1.3331e+05,1.4664e+05,1.422e+05,1.5094e+05,1.5324e+05,1.53e+05,1.6028e+05,1.6004e+05,1.6169e+05,1.6728e+05,1.71e+05,1.7311e+05,1.7462e+05,1.7344e+05,1.7915e+05,1.7784e+05,1.7932e+05,1.8578e+05,1.8622e+05,1.8177e+05,1.8952e+05,1.8639e+05,1.8449e+05,1.8775e+05,1.8859e+05,1.8691e+05,1.9238e+05,NaN,NaN,NaN,NaN,NaN,NaN,NaN,NaN,NaN,NaN,NaN,NaN,NaN,NaN,NaN,NaN,NaN,NaN,NaN,NaN,NaN,NaN,NaN,NaN,NaN,NaN,NaN,NaN,NaN,NaN,NaN,NaN,NaN,NaN,NaN,NaN,NaN,NaN,NaN,NaN,NaN,NaN,NaN,NaN,NaN,NaN,NaN,NaN,NaN,NaN,NaN,NaN
1.5388e+05,1.4824e+05,1.4698e+05,1.4477e+05,1.431e+05,1.3849e+05,1.378e+05,1.3523e+05,1.386e+05,1.3632e+05,1.3364e+05,1.3347e+05,1.3116e+05,1.2657e+05,1.2137e+05,1.1575e+05,1.0578e+05,96281,77673,60213,44966,38584,44333,57168,82682,1.0217e+05,1.1223e+05,1.2135e+05,1.2447e+05,1.2999e+05,1.3268e+05,1.2946e+05,1.3615e+05,1.4174e+05,1.4613e+05,1.4422e+05,1.4741e+05,1.4638e+05,1.5191e+05,1.5025e+05,1.5304e+05,1.5498e+05,1.5655e+05,1.5579e+05,1.5632e+05,1.6112e+05,1.6001e+05,1.5805e+05,1.5923e+05,NaN,NaN,NaN,NaN,NaN,NaN,NaN,NaN,NaN,NaN,NaN,NaN,NaN,NaN,NaN,NaN,NaN,NaN,NaN,NaN,NaN,NaN,NaN,NaN,NaN,NaN,NaN,NaN,NaN,NaN,NaN,NaN,NaN,NaN,NaN,NaN,NaN,NaN,NaN,NaN,NaN,NaN,NaN,NaN,NaN,NaN,NaN,NaN,NaN,NaN,NaN,NaN
3.1458e+05,3.0753e+05,2.9998e+05,2.9422e+05,2.9834e+05,2.8936e+05,2.9362e+05,2.8586e+05,2.8377e+05,2.7786e+05,2.7707e+05,2.6393e+05,2.5989e+05,2.3913e+05,2.1451e+05,1.7948e+05,1.255e+05,69775,47383,62438,1.0552e+05,1.697e+05,2.1341e+05,2.3847e+05,2.5805e+05,2.64e+05,2.7487e+05,2.8469e+05,2.875e+05,2.9277e+05,2.9799e+05,3.0638e+05,3.1209e+05,3.1064e+05,3.1607e+05,3.2392e+05,3.3299e+05,3.3446e+05,3.3792e+05,3.4004e+05,3.4536e+05,3.4055e+05,3.4276e+05,3.4479e+05,3.486e+05,3.4755e+05,3.4856e+05,3.5003e+05,3.5411e+05,NaN,NaN,NaN,NaN,NaN,NaN,NaN,NaN,NaN,NaN,NaN,NaN,NaN,NaN,NaN,NaN,NaN,NaN,NaN,NaN,NaN,NaN,NaN,NaN,NaN,NaN,NaN,NaN,NaN,NaN,NaN,NaN,NaN,NaN,NaN,NaN,NaN,NaN,NaN,NaN,NaN,NaN,NaN,NaN,NaN,NaN,NaN,NaN,NaN,NaN,NaN,NaN
1.6402e+05,1.6165e+05,1.5863e+05,1.5488e+05,1.5887e+05,1.5132e+05,1.5435e+05,1.5117e+05,1.5091e+05,1.5009e+05,1.4312e+05,1.3942e+05,1.3477e+05,1.2612e+05,1.1594e+05,93682,69207,48325,37671,40181,53763,78925,1.0469e+05,1.239e+05,1.3514e+05,1.4252e+05,1.4302e+05,1.4441e+05,1.4599e+05,1.5167e+05,1.5462e+05,1.5641e+05,1.6005e+05,1.5942e+05,1.6016e+05,1.6728e+05,1.6591e+05,1.6993e+05,1.7195e+05,1.7034e+05,1.7505e+05,1.7822e+05,1.7541e+05,1.781e+05,1.7937e+05,1.7951e+05,1.7741e+05,1.7946e+05,1.7833e+05,NaN,NaN,NaN,NaN,NaN,NaN,NaN,NaN,NaN,NaN,NaN,NaN,NaN,NaN,NaN,NaN,NaN,NaN,NaN,NaN,NaN,NaN,NaN,NaN,NaN,NaN,NaN,NaN,NaN,NaN,NaN,NaN,NaN,NaN,NaN,NaN,NaN,NaN,NaN,NaN,NaN,NaN,NaN,NaN,NaN,NaN,NaN,NaN,NaN,NaN,NaN,NaN
1.6763e+05,1.6585e+05,1.6465e+05,1.6329e+05,1.64e+05,1.5904e+05,1.5964e+05,1.5625e+05,1.5158e+05,1.4259e+05,1.4049e+05,1.3345e+05,1.2063e+05,1.03e+05,77263,42700,33192,33419,51010,85866,1.1189e+05,1.2759e+05,1.3698e+05,1.4713e+05,1.4844e+05,1.5096e+05,1.5671e+05,1.594e+05,1.6268e+05,1.6867e+05,1.6738e+05,1.6964e+05,1.7334e+05,1.7565e+05,1.7799e+05,1.8428e+05,1.8197e+05,1.8448e+05,1.8851e+05,1.8605e+05,1.9065e+05,1.9414e+05,1.9032e+05,1.89e+05,1.9076e+05,1.9425e+05,1.9483e+05,1.9229e+05,1.9694e+05,NaN,NaN,NaN,NaN,NaN,NaN,NaN,NaN,NaN,NaN,NaN,NaN,NaN,NaN,NaN,NaN,NaN,NaN,NaN,NaN,NaN,NaN,NaN,NaN,NaN,NaN,NaN,NaN,NaN,NaN,NaN,NaN,NaN,NaN,NaN,NaN,NaN,NaN,NaN,NaN,NaN,NaN,NaN,NaN,NaN,NaN,NaN,NaN,NaN,NaN,NaN,NaN
1.447e+05,1.4114e+05,1.3495e+05,1.3458e+05,1.3437e+05,1.3414e+05,1.3092e+05,1.3246e+05,1.3071e+05,1.2685e+05,1.2344e+05,1.2329e+05,1.1e+05,1.0596e+05,91171,76586,52949,34070,30772,39988,62150,84216,1.0553e+05,1.1205e+05,1.244e+05,1.1961e+05,1.2318e+05,1.3011e+05,1.3439e+05,1.3606e+05,1.3974e+05,1.4493e+05,1.4248e+05,1.4512e+05,1.4907e+05,1.5045e+05,1.5218e+05,1.5062e+05,1.5279e+05,1.5639e+05,1.581e+05,1.5811e+05,1.5905e+05,1.6108e+05,1.6006e+05,1.6219e+05,1.5873e+05,1.5949e+05,1.6447e+05,NaN,NaN,NaN,NaN,NaN,NaN,NaN,NaN,NaN,NaN,NaN,NaN,NaN,NaN,NaN,NaN,NaN,NaN,NaN,NaN,NaN,NaN,NaN,NaN,NaN,NaN,NaN,NaN,NaN,NaN,NaN,NaN,NaN,NaN,NaN,NaN,NaN,NaN,NaN,NaN,NaN,NaN,NaN,NaN,NaN,NaN,NaN,NaN,NaN,NaN,NaN,NaN
1.758e+05,1.6692e+05,1.6767e+05,1.6323e+05,1.6104e+05,1.6376e+05,1.5609e+05,1.593e+05,1.5964e+05,1.5556e+05,1.4991e+05,1.4525e+05,1.3861e+05,1.3312e+05,1.2105e+05,94405,64732,47397,40396,42787,69139,91344,1.1638e+05,1.2952e+05,1.4001e+05,1.4133e+05,1.4866e+05,1.5403e+05,1.5395e+05,1.5917e+05,1.6415e+05,1.6602e+05,1.6722e+05,1.7033e+05,1.7725e+05,1.7316e+05,1.801e+05,1.7995e+05,1.8094e+05,1.8786e+05,1.8748e+05,1.8843e+05,1.8739e+05,1.8966e+05,1.9102e+05,1.9025e+05,1.9388e+05,1.9314e+05,1.9292e+05,NaN,NaN,NaN,NaN,NaN,NaN,NaN,NaN,NaN,NaN,NaN,NaN,NaN,NaN,NaN,NaN,NaN,NaN,NaN,NaN,NaN,NaN,NaN,NaN,NaN,NaN,NaN,NaN,NaN,NaN,NaN,NaN,NaN,NaN,NaN,NaN,NaN,NaN,NaN,NaN,NaN,NaN,NaN,NaN,NaN,NaN,NaN,NaN,NaN,NaN,NaN,NaN
3.6654e+05,3.1697e+05,3.1361e+05,3.0968e+05,3.0247e+05,3.1006e+05,3.0825e+05,3.0874e+05,3.0829e+05,3.067e+05,3.0959e+05,2.9994e+05,3.0469e+05,3.0595e+05,3.0159e+05,3.0778e+05,3.1738e+05,2.9707e+05,3.0122e+05,2.9445e+05,2.9927e+05,2.9866e+05,2.9438e+05,2.9748e+05,2.963e+05,3.0144e+05,3.0019e+05,2.9769e+05,3.0105e+05,2.9191e+05,2.9685e+05,3.0012e+05,3.0359e+05,2.9309e+05,2.9478e+05,2.9329e+05,2.9449e+05,2.9257e+05,2.9962e+05,2.9209e+05,2.8515e+05,2.8519e+05,2.9042e+05,2.7964e+05,2.7426e+05,2.6923e+05,2.6174e+05,2.5212e+05,2.2452e+05,1.9295e+05,1.515e+05,88041,63811,72403,1.2518e+05,1.72e+05,2.1177e+05,2.3867e+05,2.5789e+05,2.6272e+05,2.7324e+05,2.8522e+05,2.8544e+05,2.8622e+05,2.8769e+05,2.941e+05,2.9497e+05,3.0008e+05,2.9646e+05,2.9711e+05,2.942e+05,3.0017e+05,2.8086e+05,2.9757e+05,2.9291e+05,2.9575e+05,3.2323e+05,3.0012e+05,3.0031e+05,3.0634e+05,2.9944e+05,2.9935e+05,3.0467e+05,2.9852e+05,3.0506e+05,3.0236e+05,3.033e+05,3.0917e+05,3.0548e+05,3.0672e+05,3.0431e+05,3.097e+05,3.0751e+05,3.0263e+05,3.0083e+05,3.0464e+05,3.0678e+05,3.0831e+05,3.1172e+05,3.0952e+05,3.0966e+05
1.3858e+05,1.3585e+05,1.4064e+05,1.3661e+05,1.3531e+05,1.3371e+05,1.4048e+05,1.3234e+05,1.3071e+05,1.298e+05,1.2991e+05,1.2595e+05,1.3023e+05,1.2798e+05,1.2567e+05,1.2377e+05,1.234e+05,1.2554e+05,1.266e+05,1.2316e+05,1.2089e+05,1.2261e+05,1.1598e+05,1.1175e+05,1.0201e+05,84513,55119,24127,25082,54552,87776,1.0507e+05,1.1501e+05,1.2001e+05,1.2321e+05,1.2372e+05,1.2291e+05,1.2675e+05,1.2676e+05,1.2883e+05,1.3035e+05,1.2985e+05,1.3545e+05,1.3176e+05,1.3387e+05,1.3429e+05,1.339e+05,1.3589e+05,1.3375e+05,NaN,NaN,NaN,NaN,NaN,NaN,NaN,NaN,NaN,NaN,NaN,NaN,NaN,NaN,NaN,NaN,NaN,NaN,NaN,NaN,NaN,NaN,NaN,NaN,NaN,NaN,NaN,NaN,NaN,NaN,NaN,NaN,NaN,NaN,NaN,NaN,NaN,NaN,NaN,NaN,NaN,NaN,NaN,NaN,NaN,NaN,NaN,NaN,NaN,NaN,NaN,NaN
1.6426e+05,1.6181e+05,1.6059e+05,1.5436e+05,1.5281e+05,1.5195e+05,1.5059e+05,1.4529e+05,1.472e+05,1.453e+05,1.4634e+05,1.4312e+05,1.393e+05,1.3516e+05,1.3219e+05,1.235e+05,1.1527e+05,1.0336e+05,89067,74314,63265,63704,64437,76582,85980,1.0325e+05,1.1186e+05,1.2416e+05,1.3116e+05,1.3538e+05,1.4084e+05,1.4491e+05,1.459e+05,1.4756e+05,1.5272e+05,1.5444e+05,1.5438e+05,1.577e+05,1.5901e+05,1.6118e+05,1.6398e+05,1.6442e+05,1.6427e+05,1.6686e+05,1.6946e+05,1.7041e+05,1.7132e+05,1.7085e+05,1.6873e+05,NaN,NaN,NaN,NaN,NaN,NaN,NaN,NaN,NaN,NaN,NaN,NaN,NaN,NaN,NaN,NaN,NaN,NaN,NaN,NaN,NaN,NaN,NaN,NaN,NaN,NaN,NaN,NaN,NaN,NaN,NaN,NaN,NaN,NaN,NaN,NaN,NaN,NaN,NaN,NaN,NaN,NaN,NaN,NaN,NaN,NaN,NaN,NaN,NaN,NaN,NaN,NaN
3.4152e+05,3.047e+05,2.9816e+05,2.9781e+05,2.9501e+05,2.8409e+05,2.9534e+05,2.9717e+05,3.0131e+05,2.9959e+05,2.9719e+05,2.9657e+05,2.961e+05,3.0809e+05,2.8853e+05,2.8886e+05,2.9665e+05,2.9821e+05,2.9888e+05,2.9744e+05,3.0064e+05,3.0925e+05,2.9325e+05,2.9505e+05,2.9501e+05,3.0156e+05,2.9719e+05,2.9099e+05,2.9182e+05,2.9224e+05,2.9094e+05,2.9107e+05,2.8784e+05,2.889e+05,2.8934e+05,2.8774e+05,2.834e+05,2.82e+05,2.8399e+05,2.8771e+05,2.8589e+05,2.9096e+05,2.8619e+05,2.8694e+05,2.8348e+05,2.8628e+05,2.841e+05,2.8191e+05,2.8476e+05,2.8476e+05,2.8217e+05,2.7759e+05,2.8247e+05,2.7855e+05,2.7582e+05,2.7817e+05,2.8084e+05,2.7389e+05,2.6815e+05,2.6609e+05,2.6416e+05,2.5254e+05,2.396e+05,2.3161e+05,1.9635e+05,1.6602e+05,1.1311e+05,89247,89498,1.1891e+05,1.763e+05,2.1142e+05,2.3779e+05,2.4915e+05,2.603e+05,2.6614e+05,2.8351e+05,2.775e+05,2.8261e+05,2.8476e+05,2.8638e+05,2.8884e+05,2.8357e+05,2.9022e+05,2.8497e+05,2.9251e+05,2.8956e+05,2.8848e+05,2.876e+05,2.8743e+05,2.9315e+05,2.9082e+05,2.9689e+05,2.9124e+05,2.9587e+05,2.9592e+05,2.961e+05,2.9582e+05,2.9276e+05,2.9501e+05,2.7896e+05
1.6895e+05,1.6512e+05,1.6249e+05,1.5566e+05,1.5787e+05,1.5731e+05,1.5977e+05,1.5196e+05,1.4818e+05,1.4293e+05,1.4127e+05,1.2961e+05,1.1333e+05,97328,66843,36506,33038,38649,68335,94217,1.2121e+05,1.2997e+05,1.4298e+05,1.4902e+05,1.4913e+05,1.5804e+05,1.5325e+05,1.6305e+05,1.6278e+05,1.6535e+05,1.685e+05,1.7018e+05,1.755e+05,1.798e+05,1.7979e+05,1.8135e+05,1.8533e+05,1.7729e+05,1.848e+05,1.8599e+05,1.8814e+05,1.9091e+05,1.9021e+05,1.9201e+05,1.9079e+05,1.9462e+05,1.9629e+05,1.9295e+05,1.9622e+05,NaN,NaN,NaN,NaN,NaN,NaN,NaN,NaN,NaN,NaN,NaN,NaN,NaN,NaN,NaN,NaN,NaN,NaN,NaN,NaN,NaN,NaN,NaN,NaN,NaN,NaN,NaN,NaN,NaN,NaN,NaN,NaN,NaN,NaN,NaN,NaN,NaN,NaN,NaN,NaN,NaN,NaN,NaN,NaN,NaN,NaN,NaN,NaN,NaN,NaN,NaN,NaN
1.6155e+05,1.5609e+05,1.5771e+05,1.5272e+05,1.5155e+05,1.5127e+05,1.5321e+05,1.5652e+05,1.549e+05,1.4951e+05,1.4808e+05,1.4279e+05,1.299e+05,1.2665e+05,1.1246e+05,79421,54447,35875,37420,51341,77694,1.0602e+05,1.282e+05,1.321e+05,1.3672e+05,1.4391e+05,1.4379e+05,1.5042e+05,1.5239e+05,1.5784e+05,1.6234e+05,1.661e+05,1.6594e+05,1.6839e+05,1.7124e+05,1.7468e+05,1.7452e+05,1.8202e+05,1.806e+05,1.7893e+05,1.8163e+05,1.8242e+05,1.8749e+05,1.8516e+05,1.8329e+05,1.8569e+05,1.8437e+05,1.8691e+05,1.8942e+05,NaN,NaN,NaN,NaN,NaN,NaN,NaN,NaN,NaN,NaN,NaN,NaN,NaN,NaN,NaN,NaN,NaN,NaN,NaN,NaN,NaN,NaN,NaN,NaN,NaN,NaN,NaN,NaN,NaN,NaN,NaN,NaN,NaN,NaN,NaN,NaN,NaN,NaN,NaN,NaN,NaN,NaN,NaN,NaN,NaN,NaN,NaN,NaN,NaN,NaN,NaN,NaN
3.3351e+05,3.3059e+05,3.2662e+05,3.2081e+05,3.2e+05,3.2354e+05,3.1524e+05,3.1103e+05,3.0367e+05,2.9195e+05,2.8226e+05,2.638e+05,2.3338e+05,1.9187e+05,1.3443e+05,67300,37855,54487,1.1718e+05,1.8056e+05,2.2382e+05,2.6241e+05,2.8369e+05,2.9458e+05,2.9757e+05,3.1138e+05,3.1532e+05,3.2004e+05,3.3556e+05,3.3942e+05,3.4151e+05,3.4467e+05,3.5682e+05,3.5678e+05,3.6457e+05,3.6884e+05,3.721e+05,3.7739e+05,3.8237e+05,3.8216e+05,3.8803e+05,3.9027e+05,3.8719e+05,3.9138e+05,3.9362e+05,3.985e+05,3.9957e+05,3.9571e+05,4.0175e+05,NaN,NaN,NaN,NaN,NaN,NaN,NaN,NaN,NaN,NaN,NaN,NaN,NaN,NaN,NaN,NaN,NaN,NaN,NaN,NaN,NaN,NaN,NaN,NaN,NaN,NaN,NaN,NaN,NaN,NaN,NaN,NaN,NaN,NaN,NaN,NaN,NaN,NaN,NaN,NaN,NaN,NaN,NaN,NaN,NaN,NaN,NaN,NaN,NaN,NaN,NaN,NaN
1.7205e+05,1.6687e+05,1.6876e+05,1.6313e+05,1.6053e+05,1.6255e+05,1.5671e+05,1.4789e+05,1.5557e+05,1.4875e+05,1.51e+05,1.4582e+05,1.4659e+05,1.4248e+05,1.4661e+05,1.3554e+05,1.3784e+05,1.2269e+05,1.2357e+05,1.1076e+05,87527,66157,42740,34596,28131,42417,78027,97457,1.2273e+05,1.3074e+05,1.3199e+05,1.3703e+05,1.3635e+05,1.495e+05,1.4071e+05,1.5004e+05,1.5166e+05,1.5118e+05,1.5706e+05,1.5815e+05,1.5555e+05,1.676e+05,1.6853e+05,1.5921e+05,1.6665e+05,1.7128e+05,1.7259e+05,1.6912e+05,1.7321e+05,NaN,NaN,NaN,NaN,NaN,NaN,NaN,NaN,NaN,NaN,NaN,NaN,NaN,NaN,NaN,NaN,NaN,NaN,NaN,NaN,NaN,NaN,NaN,NaN,NaN,NaN,NaN,NaN,NaN,NaN,NaN,NaN,NaN,NaN,NaN,NaN,NaN,NaN,NaN,NaN,NaN,NaN,NaN,NaN,NaN,NaN,NaN,NaN,NaN,NaN,NaN,NaN
1.6601e+05,1.6845e+05,1.625e+05,1.6159e+05,1.6106e+05,1.5955e+05,1.5887e+05,1.606e+05,1.5673e+05,1.4649e+05,1.4486e+05,1.3932e+05,1.2878e+05,1.1429e+05,94455,63572,37416,31460,44783,71304,98002,1.227e+05,1.3512e+05,1.4394e+05,1.4886e+05,1.5192e+05,1.5683e+05,1.5787e+05,1.5991e+05,1.6888e+05,1.6812e+05,1.6754e+05,1.7395e+05,1.7449e+05,1.7797e+05,1.8126e+05,1.7945e+05,1.8401e+05,1.8639e+05,1.8728e+05,1.8836e+05,1.9026e+05,1.9149e+05,1.8918e+05,1.8869e+05,1.9125e+05,1.9359e+05,1.9752e+05,1.9338e+05,NaN,NaN,NaN,NaN,NaN,NaN,NaN,NaN,NaN,NaN,NaN,NaN,NaN,NaN,NaN,NaN,NaN,NaN,NaN,NaN,NaN,NaN,NaN,NaN,NaN,NaN,NaN,NaN,NaN,NaN,NaN,NaN,NaN,NaN,NaN,NaN,NaN,NaN,NaN,NaN,NaN,NaN,NaN,NaN,NaN,NaN,NaN,NaN,NaN,NaN,NaN,NaN
1.6929e+05,1.6646e+05,1.6174e+05,1.5853e+05,1.5878e+05,1.5391e+05,1.5086e+05,1.5732e+05,1.5408e+05,1.5167e+05,1.5224e+05,1.4488e+05,1.4524e+05,1.4489e+05,1.4044e+05,1.2815e+05,1.2057e+05,1.0154e+05,81381,54246,40174,41951,61656,91357,1.0625e+05,1.1962e+05,1.305e+05,1.3654e+05,1.4218e+05,1.4563e+05,1.5049e+05,1.4987e+05,1.5405e+05,1.5777e+05,1.6069e+05,1.6313e+05,1.6293e+05,1.6227e+05,1.7118e+05,1.7063e+05,1.7228e+05,1.6951e+05,1.7246e+05,1.7853e+05,1.7919e+05,1.8026e+05,1.7963e+05,1.8321e+05,1.787e+05,NaN,NaN,NaN,NaN,NaN,NaN,NaN,NaN,NaN,NaN,NaN,NaN,NaN,NaN,NaN,NaN,NaN,NaN,NaN,NaN,NaN,NaN,NaN,NaN,NaN,NaN,NaN,NaN,NaN,NaN,NaN,NaN,NaN,NaN,NaN,NaN,NaN,NaN,NaN,NaN,NaN,NaN,NaN,NaN,NaN,NaN,NaN,NaN,NaN,NaN,NaN,NaN
3.8283e+05,3.3843e+05,3.3527e+05,3.3414e+05,3.3218e+05,3.3219e+05,3.3499e+05,3.3234e+05,3.3211e+05,3.3284e+05,3.282e+05,3.2768e+05,3.3356e+05,3.442e+05,3.2438e+05,3.2284e+05,3.194e+05,3.2126e+05,3.2537e+05,3.275e+05,3.2656e+05,3.2126e+05,3.2457e+05,3.1988e+05,3.204e+05,3.2853e+05,3.2377e+05,3.2212e+05,3.2201e+05,3.2161e+05,3.2077e+05,3.2037e+05,3.2052e+05,3.2133e+05,3.1988e+05,3.2051e+05,3.2767e+05,3.1692e+05,3.2834e+05,3.0763e+05,3.2125e+05,2.481e+05,2.9556e+05,2.8317e+05,2.4533e+05,2.1467e+05,1.4325e+05,1.1244e+05,89771,1.037e+05,1.5075e+05,2.2103e+05,2.415e+05,2.6741e+05,2.8811e+05,3.0557e+05,3.0918e+05,3.1395e+05,3.1667e+05,3.1819e+05,3.1853e+05,3.273e+05,3.2605e+05,3.2509e+05,3.191e+05,3.2924e+05,3.2429e+05,3.2984e+05,3.2452e+05,3.1772e+05,3.2352e+05,3.2309e+05,3.2267e+05,2.7019e+05,3.2993e+05,3.5402e+05,3.2534e+05,3.2872e+05,3.3204e+05,3.3288e+05,3.3298e+05,3.3344e+05,3.329e+05,2.8833e+05,3.3378e+05,3.3303e+05,3.3261e+05,3.3686e+05,3.4116e+05,3.3793e+05,3.4342e+05,3.3925e+05,3.4008e+05,3.3941e+05,3.3368e+05,3.4846e+05,3.3764e+05,3.3729e+05,3.3987e+05,3.4003e+05,3.4021e+05
1.3885e+05,1.312e+05,1.3418e+05,1.3085e+05,1.3143e+05,1.2731e+05,1.3004e+05,1.2821e+05,1.3004e+05,1.3168e+05,1.2903e+05,1.2419e+05,1.2773e+05,1.2234e+05,1.1497e+05,1.0946e+05,94224,58912,20903,21348,61341,89339,1.1155e+05,1.207e+05,1.2392e+05,1.2698e+05,1.3011e+05,1.2971e+05,1.3187e+05,1.3127e+05,1.3216e+05,1.3573e+05,1.3506e+05,1.3571e+05,1.3646e+05,1.5035e+05,1.3999e+05,1.4207e+05,1.4243e+05,1.4204e+05,1.4104e+05,1.4164e+05,1.4068e+05,1.4116e+05,1.5396e+05,1.4136e+05,1.4469e+05,1.6041e+05,1.4524e+05,NaN,NaN,NaN,NaN,NaN,NaN,NaN,NaN,NaN,NaN,NaN,NaN,NaN,NaN,NaN,NaN,NaN,NaN,NaN,NaN,NaN,NaN,NaN,NaN,NaN,NaN,NaN,NaN,NaN,NaN,NaN,NaN,NaN,NaN,NaN,NaN,NaN,NaN,NaN,NaN,NaN,NaN,NaN,NaN,NaN,NaN,NaN,NaN,NaN,NaN,NaN,NaN
2.0286e+05,1.952e+05,1.8638e+05,1.8837e+05,1.8344e+05,1.8209e+05,1.7882e+05,1.7396e+05,1.7419e+05,1.6932e+05,1.6913e+05,1.7009e+05,1.6812e+05,1.6456e+05,1.6613e+05,1.6178e+05,1.5212e+05,1.444e+05,1.308e+05,1.1027e+05,81168,49702,35008,36615,63942,99527,1.2163e+05,1.4267e+05,1.5277e+05,1.6103e+05,1.5912e+05,1.6797e+05,1.7033e+05,1.7122e+05,1.77e+05,1.8042e+05,1.7862e+05,1.8427e+05,1.8647e+05,1.9019e+05,1.8913e+05,1.932e+05,1.96e+05,1.9765e+05,1.9851e+05,1.9791e+05,2.0181e+05,1.973e+05,2.0237e+05,NaN,NaN,NaN,NaN,NaN,NaN,NaN,NaN,NaN,NaN,NaN,NaN,NaN,NaN,NaN,NaN,NaN,NaN,NaN,NaN,NaN,NaN,NaN,NaN,NaN,NaN,NaN,NaN,NaN,NaN,NaN,NaN,NaN,NaN,NaN,NaN,NaN,NaN,NaN,NaN,NaN,NaN,NaN,NaN,NaN,NaN,NaN,NaN,NaN,NaN,NaN,NaN
3.8089e+05,3.3132e+05,3.0676e+05,3.313e+05,3.2935e+05,3.2715e+05,3.2649e+05,3.2766e+05,3.2842e+05,3.2881e+05,3.2503e+05,3.2491e+05,3.2431e+05,3.2209e+05,3.2333e+05,3.1849e+05,3.2106e+05,3.1591e+05,3.1565e+05,3.1976e+05,3.2118e+05,3.2484e+05,3.1943e+05,3.1678e+05,3.2195e+05,3.1481e+05,3.1703e+05,3.173e+05,3.1827e+05,3.1991e+05,3.2195e+05,3.1936e+05,3.2218e+05,3.2074e+05,3.1428e+05,3.1455e+05,3.1336e+05,3.0656e+05,3.3144e+05,3.0161e+05,2.9038e+05,2.8577e+05,2.6311e+05,2.4656e+05,2.135e+05,1.5825e+05,93719,63893,76526,1.4257e+05,2.0639e+05,2.4271e+05,2.6701e+05,2.8809e+05,2.9221e+05,3.0403e+05,2.7702e+05,3.148e+05,3.1618e+05,3.1597e+05,3.1765e+05,3.2042e+05,3.2267e+05,3.2079e+05,3.1868e+05,3.2188e+05,3.2849e+05,3.2377e+05,3.2204e+05,3.2938e+05,3.2248e+05,3.2489e+05,3.3009e+05,3.3341e+05,3.2635e+05,3.2771e+05,3.2571e+05,3.2755e+05,3.2594e+05,3.2839e+05,3.3234e+05,3.472e+05,3.2872e+05,3.2862e+05,3.3273e+05,3.2958e+05,3.5828e+05,3.3573e+05,3.3336e+05,3.3556e+05,3.3666e+05,3.3616e+05,3.3548e+05,3.3525e+05,3.3738e+05,3.3415e+05,3.4226e+05,3.3871e+05,3.3914e+05,3.4029e+05,3.3784e+05
1.6815e+05,1.6441e+05,1.6241e+05,1.5951e+05,1.5841e+05,1.6017e+05,1.5866e+05,1.5393e+05,1.5313e+05,1.5264e+05,1.4251e+05,1.3917e+05,1.3534e+05,1.2245e+05,1.0513e+05,73966,49787,34065,40464,60839,91466,1.1807e+05,1.3232e+05,1.3967e+05,1.4656e+05,1.5512e+05,1.5455e+05,1.5956e+05,1.5956e+05,1.6229e+05,1.6949e+05,1.6789e+05,1.696e+05,1.7446e+05,1.7588e+05,1.8104e+05,1.7891e+05,1.8139e+05,1.8511e+05,1.8856e+05,1.866e+05,1.8684e+05,1.87e+05,1.9182e+05,1.926e+05,1.8941e+05,1.9104e+05,1.8646e+05,1.8908e+05,NaN,NaN,NaN,NaN,NaN,NaN,NaN,NaN,NaN,NaN,NaN,NaN,NaN,NaN,NaN,NaN,NaN,NaN,NaN,NaN,NaN,NaN,NaN,NaN,NaN,NaN,NaN,NaN,NaN,NaN,NaN,NaN,NaN,NaN,NaN,NaN,NaN,NaN,NaN,NaN,NaN,NaN,NaN,NaN,NaN,NaN,NaN,NaN,NaN,NaN,NaN,NaN
1.6446e+05,1.6493e+05,1.6137e+05,1.5787e+05,1.5396e+05,1.5173e+05,1.4895e+05,1.5026e+05,1.4575e+05,1.4351e+05,1.4667e+05,1.4523e+05,1.4372e+05,1.4245e+05,1.3518e+05,1.3354e+05,1.2791e+05,1.1487e+05,1.0571e+05,84407,60730,42932,39490,47872,72397,99304,1.1337e+05,1.2547e+05,1.3384e+05,1.372e+05,1.413e+05,1.4377e+05,1.4824e+05,1.4933e+05,1.5364e+05,1.5504e+05,1.5755e+05,1.6195e+05,1.5781e+05,1.6155e+05,1.6086e+05,1.7154e+05,1.6697e+05,1.6839e+05,1.7293e+05,1.7054e+05,1.7423e+05,1.7687e+05,1.7276e+05,NaN,NaN,NaN,NaN,NaN,NaN,NaN,NaN,NaN,NaN,NaN,NaN,NaN,NaN,NaN,NaN,NaN,NaN,NaN,NaN,NaN,NaN,NaN,NaN,NaN,NaN,NaN,NaN,NaN,NaN,NaN,NaN,NaN,NaN,NaN,NaN,NaN,NaN,NaN,NaN,NaN,NaN,NaN,NaN,NaN,NaN,NaN,NaN,NaN,NaN,NaN,NaN
2.9378e+05,2.8664e+05,2.8138e+05,2.7247e+05,2.6528e+05,2.6948e+05,2.7355e+05,2.7073e+05,2.7106e+05,2.6302e+05,2.6501e+05,2.6283e+05,2.5383e+05,2.4098e+05,2.2781e+05,2.0657e+05,1.7495e+05,1.122e+05,55205,56969,1.1647e+05,1.723e+05,2.1228e+05,2.3516e+05,2.5494e+05,2.6504e+05,2.5949e+05,2.659e+05,2.7157e+05,2.6412e+05,2.8305e+05,2.8705e+05,2.8507e+05,2.8426e+05,2.907e+05,2.9121e+05,2.9266e+05,2.9751e+05,2.9603e+05,2.9842e+05,3.021e+05,2.9959e+05,3.1198e+05,3.0097e+05,3.039e+05,3.0305e+05,3.0794e+05,3.0509e+05,3.0754e+05,NaN,NaN,NaN,NaN,NaN,NaN,NaN,NaN,NaN,NaN,NaN,NaN,NaN,NaN,NaN,NaN,NaN,NaN,NaN,NaN,NaN,NaN,NaN,NaN,NaN,NaN,NaN,NaN,NaN,NaN,NaN,NaN,NaN,NaN,NaN,NaN,NaN,NaN,NaN,NaN,NaN,NaN,NaN,NaN,NaN,NaN,NaN,NaN,NaN,NaN,NaN,NaN
1.6199e+05,1.527e+05,1.5627e+05,1.4771e+05,1.4596e+05,1.5975e+05,1.4904e+05,1.4749e+05,1.4416e+05,1.4014e+05,1.4147e+05,1.355e+05,1.2793e+05,1.2623e+05,1.0672e+05,79216,52963,34779,36423,46900,76200,1.0117e+05,1.1965e+05,1.2641e+05,1.3229e+05,1.38e+05,1.3832e+05,1.5074e+05,1.4514e+05,1.5322e+05,1.5808e+05,1.6019e+05,1.6184e+05,1.6148e+05,1.6538e+05,1.673e+05,1.7467e+05,1.7151e+05,1.7149e+05,1.735e+05,1.7428e+05,1.7133e+05,1.8503e+05,1.7624e+05,1.7695e+05,1.8019e+05,1.7944e+05,1.8641e+05,1.7972e+05,NaN,NaN,NaN,NaN,NaN,NaN,NaN,NaN,NaN,NaN,NaN,NaN,NaN,NaN,NaN,NaN,NaN,NaN,NaN,NaN,NaN,NaN,NaN,NaN,NaN,NaN,NaN,NaN,NaN,NaN,NaN,NaN,NaN,NaN,NaN,NaN,NaN,NaN,NaN,NaN,NaN,NaN,NaN,NaN,NaN,NaN,NaN,NaN,NaN,NaN,NaN,NaN
1.7362e+05,1.7369e+05,1.6831e+05,1.6879e+05,1.6372e+05,1.6834e+05,1.5942e+05,1.5733e+05,1.594e+05,1.5261e+05,1.5106e+05,1.495e+05,1.5105e+05,1.4503e+05,1.3795e+05,1.3076e+05,1.214e+05,1.0888e+05,89892,57242,35817,33183,43246,71054,96566,1.1346e+05,1.3245e+05,1.3394e+05,1.3933e+05,1.4618e+05,1.4903e+05,1.5368e+05,1.5546e+05,1.6622e+05,1.6479e+05,1.6621e+05,1.609e+05,1.6751e+05,1.7381e+05,1.7219e+05,1.7385e+05,1.7977e+05,1.7536e+05,1.8296e+05,1.8256e+05,1.8463e+05,1.8593e+05,1.8184e+05,1.8674e+05,NaN,NaN,NaN,NaN,NaN,NaN,NaN,NaN,NaN,NaN,NaN,NaN,NaN,NaN,NaN,NaN,NaN,NaN,NaN,NaN,NaN,NaN,NaN,NaN,NaN,NaN,NaN,NaN,NaN,NaN,NaN,NaN,NaN,NaN,NaN,NaN,NaN,NaN,NaN,NaN,NaN,NaN,NaN,NaN,NaN,NaN,NaN,NaN,NaN,NaN,NaN,NaN
3.6319e+05,3.5891e+05,3.4965e+05,3.428e+05,3.3794e+05,3.2605e+05,3.255e+05,3.2131e+05,3.2071e+05,3.1943e+05,3.2031e+05,3.1246e+05,3.044e+05,2.9726e+05,2.8541e+05,2.7478e+05,2.4686e+05,2.2018e+05,1.5889e+05,95461,42223,37034,70955,1.4659e+05,2.0611e+05,2.4383e+05,2.7477e+05,2.8562e+05,2.8942e+05,2.992e+05,3.1203e+05,3.1113e+05,3.2004e+05,3.3333e+05,3.3827e+05,3.3966e+05,3.4063e+05,3.4932e+05,3.4962e+05,3.5621e+05,3.6639e+05,3.6794e+05,3.6559e+05,3.7209e+05,3.664e+05,3.7606e+05,3.7406e+05,3.776e+05,3.8477e+05,NaN,NaN,NaN,NaN,NaN,NaN,NaN,NaN,NaN,NaN,NaN,NaN,NaN,NaN,NaN,NaN,NaN,NaN,NaN,NaN,NaN,NaN,NaN,NaN,NaN,NaN,NaN,NaN,NaN,NaN,NaN,NaN,NaN,NaN,NaN,NaN,NaN,NaN,NaN,NaN,NaN,NaN,NaN,NaN,NaN,NaN,NaN,NaN,NaN,NaN,NaN,NaN
1.5914e+05,1.6201e+05,1.5423e+05,1.5342e+05,1.5546e+05,1.5051e+05,1.47e+05,1.5023e+05,1.4961e+05,1.4865e+05,1.4519e+05,1.3946e+05,1.4071e+05,1.3762e+05,1.3473e+05,1.4097e+05,1.4038e+05,1.3535e+05,1.3727e+05,1.355e+05,1.3052e+05,1.2383e+05,1.1693e+05,1.0347e+05,89095,55223,41932,37998,51839,80620,1.0322e+05,1.1427e+05,1.2748e+05,1.3094e+05,1.3069e+05,1.4127e+05,1.396e+05,1.4282e+05,1.437e+05,1.4501e+05,1.4213e+05,1.4653e+05,1.4875e+05,1.4701e+05,1.4833e+05,1.5257e+05,1.5412e+05,1.556e+05,1.5362e+05,NaN,NaN,NaN,NaN,NaN,NaN,NaN,NaN,NaN,NaN,NaN,NaN,NaN,NaN,NaN,NaN,NaN,NaN,NaN,NaN,NaN,NaN,NaN,NaN,NaN,NaN,NaN,NaN,NaN,NaN,NaN,NaN,NaN,NaN,NaN,NaN,NaN,NaN,NaN,NaN,NaN,NaN,NaN,NaN,NaN,NaN,NaN,NaN,NaN,NaN,NaN,NaN
1.8673e+05,1.8227e+05,1.8016e+05,1.8194e+05,1.7187e+05,1.749e+05,1.7162e+05,1.6705e+05,1.6607e+05,1.6738e+05,1.5912e+05,1.6451e+05,1.5704e+05,1.5926e+05,1.4724e+05,1.4086e+05,1.2223e+05,1.0239e+05,88740,64118,40381,36436,44567,76697,1.0033e+05,1.2377e+05,1.415e+05,1.4409e+05,1.5204e+05,1.5338e+05,1.607e+05,1.6783e+05,1.6471e+05,1.7417e+05,1.709e+05,1.7697e+05,1.7554e+05,1.8194e+05,1.8396e+05,1.8562e+05,1.9332e+05,1.9228e+05,1.908e+05,1.9384e+05,1.9707e+05,1.9399e+05,1.9583e+05,1.9852e+05,2.0128e+05,NaN,NaN,NaN,NaN,NaN,NaN,NaN,NaN,NaN,NaN,NaN,NaN,NaN,NaN,NaN,NaN,NaN,NaN,NaN,NaN,NaN,NaN,NaN,NaN,NaN,NaN,NaN,NaN,NaN,NaN,NaN,NaN,NaN,NaN,NaN,NaN,NaN,NaN,NaN,NaN,NaN,NaN,NaN,NaN,NaN,NaN,NaN,NaN,NaN,NaN,NaN,NaN
