4.0442e+05,3.0721e+05,3.07e+05,3.0996e+05,3.0622e+05,3.0455e+05,3.172e+05,3.0914e+05,3.0272e+05,3.0743e+05,3.0812e+05,3.0605e+05,3.0637e+05,3.0976e+05,3.0753e+05,3.058e+05,3.0857e+05,3.0947e+05,3.0834e+05,3.0985e+05,3.0788e+05,3.1469e+05,3.0649e+05,3.1408e+05,3.0622e+05,3.0453e+05,3.0865e+05,3.0559e+05,3.2362e+05,3.0408e+05,3.0596e+05,3.2061e+05,3.0797e+05,3.1949e+05,3.0049e+05,3.0675e+05,2.9805e+05,3.0366e+05,3.0654e+05,2.9949e+05,3.0108e+05,3.0321e+05,3.0922e+05,2.9938e+05,3.0295e+05,3.0036e+05,3.0608e+05,3.0697e+05,3.0494e+05,3.0407e+05,3.0699e+05,3.1285e+05,3.0254e+05,3.2198e+05,3.0253e+05,3.3102e+05,2.9763e+05,3.0284e+05,2.9599e+05,2.9182e+05,3.1163e+05,2.6812e+05,2.3698e+05,1.7948e+05,1.0489e+05,1.1515e+05,1.4328e+05,1.8887e+05,2.1376e+05,2.4499e+05,2.6712e+05,2.8684e+05,2.887e+05,3.008e+05,3.0028e+05,3.026e+05,3.0881e+05,3.4068e+05,3.0869e+05,3.1425e+05,3.1303e+05,3.092e+05,3.1514e+05,3.1065e+05,3.13e+05,3.0631e+05,3.1821e+05,3.0773e+05,3.1985e+05,3.078e+05,3.1276e+05,3.095e+05,3.0997e+05,3.1633e+05,3.1514e+05,3.13e+05,3.158e+05,3.216e+05,3.1371e+05,3.0956e+05,3.1411e+05
2.0906e+05,2.0284e+05,1.9998e+05,1.9503e+05,1.9502e+05,1.9116e+05,1.8972e+05,1.8439e+05,1.8183e+05,1.8164e+05,1.7896e+05,1.7974e+05,1.7773e+05,1.7898e+05,1.7881e+05,1.7528e+05,1.7028e+05,1.6173e+05,1.5179e+05,1.3627e+05,1.1424e+05,78703,50338,48249,78512,1.1739e+05,1.389e+05,1.5461e+05,1.6241e+05,1.72e+05,1.7332e+05,1.7967e+05,1.7884e+05,1.8378e+05,1.8466e+05,1.8251e+05,1.8307e+05,1.8974e+05,1.8945e+05,1.9066e+05,1.9314e+05,1.9913e+05,1.9874e+05,2.0092e+05,2.0253e+05,2.0267e+05,2.033e+05,2.0571e+05,2.006e+05,NaN,NaN,NaN,NaN,NaN,NaN,NaN,NaN,NaN,NaN,NaN,NaN,NaN,NaN,NaN,NaN,NaN,NaN,NaN,NaN,NaN,NaN,NaN,NaN,NaN,NaN,NaN,NaN,NaN,NaN,NaN,NaN,NaN,NaN,NaN,NaN,NaN,NaN,NaN,NaN,NaN,NaN,NaN,NaN,NaN,NaN,NaN,NaN,NaN,NaN,NaN,NaN
3.9502e+05,3.3614e+05,3.3376e+05,3.234e+05,3.1193e+05,3.3328e+05,3.1844e+05,3.1733e+05,3.3264e+05,3.1936e+05,3.2994e+05,3.2295e+05,3.2375e+05,3.0545e+05,3.1981e+05,3.1488e+05,3.1765e+05,3.3039e+05,3.1326e+05,3.0278e+05,3.1005e+05,3.1228e+05,3.057e+05,3.0996e+05,3.0745e+05,3.0735e+05,3.0313e+05,3.0608e+05,3.0576e+05,3.1676e+05,3.1558e+05,3.0811e+05,3.2944e+05,3.0608e+05,3.1873e+05,3.097e+05,3.2387e+05,3.1145e+05,3.0726e+05,3.1406e+05,3.1107e+05,3.043e+05,3.1447e+05,3.0935e+05,3.0843e+05,2.8594e+05,3.0046e+05,2.9919e+05,2.5928e+05,2.7078e+05,2.3001e+05,2.0656e+05,1.4724e+05,1.094e+05,1.1026e+05,1.6345e+05,2.3287e+05,2.4704e+05,3.0179e+05,2.9534e+05,3.1746e+05,2.9963e+05,2.988e+05,3.0729e+05,3.1466e+05,3.0996e+05,3.1895e+05,3.1892e+05,3.2483e+05,3.1352e+05,3.4072e+05,3.0875e+05,3.2381e+05,3.2295e+05,3.1936e+05,3.2225e+05,3.0274e+05,3.1161e+05,3.2899e+05,3.1437e+05,3.2032e+05,3.0567e+05,3.1307e+05,3.1561e+05,3.2273e+05,3.2496e+05,3.1237e+05,3.0405e+05,3.1358e+05,3.2696e+05,3.2496e+05,3.302e+05,3.5555e+05,3.2381e+05,3.3369e+05,3.1342e+05,3.315e+05,3.4202e+05,3.3522e+05,3.3236e+05,3.2712e+05
2.1618e+05,2.0652e+05,2.0406e+05,1.9671e+05,1.9485e+05,1.9248e+05,1.9283e+05,1.8919e+05,1.8793e+05,1.8728e+05,1.8869e+05,1.8643e+05,1.8543e+05,1.8593e+05,1.7297e+05,1.6338e+05,1.4229e+05,1.0754e+05,52794,33694,52495,98113,1.3958e+05,1.614e+05,1.782e+05,1.8103e+05,1.8568e+05,1.9144e+05,1.9152e+05,1.9724e+05,1.9866e+05,2.0272e+05,2.0045e+05,1.9989e+05,1.9846e+05,2.0939e+05,2.1098e+05,2.1453e+05,2.2186e+05,2.1742e+05,2.2319e+05,2.2543e+05,2.2257e+05,2.268e+05,2.272e+05,2.2515e+05,2.2851e+05,2.2395e+05,2.2808e+05,NaN,NaN,NaN,NaN,NaN,NaN,NaN,NaN,NaN,NaN,NaN,NaN,NaN,NaN,NaN,NaN,NaN,NaN,NaN,NaN,NaN,NaN,NaN,NaN,NaN,NaN,NaN,NaN,NaN,NaN,NaN,NaN,NaN,NaN,NaN,NaN,NaN,NaN,NaN,NaN,NaN,NaN,NaN,NaN,NaN,NaN,NaN,NaN,NaN,NaN,NaN,NaN
2.0148e+05,1.9689e+05,1.9327e+05,1.9529e+05,1.8941e+05,1.9009e+05,1.893e+05,1.8466e+05,1.816e+05,1.7824e+05,1.7658e+05,1.7208e+05,1.673e+05,1.6653e+05,1.6704e+05,1.6571e+05,1.653e+05,1.6446e+05,1.6251e+05,1.5909e+05,1.5273e+05,1.463e+05,1.3454e+05,1.1704e+05,87204,52971,40706,53382,86539,1.1576e+05,1.3933e+05,1.5088e+05,1.5865e+05,1.6484e+05,1.6375e+05,1.6949e+05,1.7165e+05,1.7728e+05,1.7735e+05,1.7643e+05,1.7647e+05,1.7715e+05,1.8435e+05,1.8657e+05,1.9078e+05,1.9185e+05,1.9616e+05,1.9749e+05,1.9621e+05,NaN,NaN,NaN,NaN,NaN,NaN,NaN,NaN,NaN,NaN,NaN,NaN,NaN,NaN,NaN,NaN,NaN,NaN,NaN,NaN,NaN,NaN,NaN,NaN,NaN,NaN,NaN,NaN,NaN,NaN,NaN,NaN,NaN,NaN,NaN,NaN,NaN,NaN,NaN,NaN,NaN,NaN,NaN,NaN,NaN,NaN,NaN,NaN,NaN,NaN,NaN,NaN
2.2039e+05,2.1025e+05,2.0755e+05,2.1241e+05,2.0783e+05,1.9869e+05,1.989e+05,1.944e+05,1.9641e+05,1.9288e+05,1.9069e+05,1.912e+05,1.8629e+05,1.853e+05,1.8475e+05,1.8116e+05,1.8418e+05,1.7548e+05,1.7729e+05,1.5691e+05,1.4786e+05,1.2499e+05,89005,52569,38052,63142,1.111e+05,1.4067e+05,1.5136e+05,1.7038e+05,1.7838e+05,1.8194e+05,1.8419e+05,1.8554e+05,1.9035e+05,1.9266e+05,1.912e+05,1.9304e+05,1.9274e+05,2.0011e+05,2.0423e+05,2.0695e+05,2.1119e+05,2.1434e+05,2.1301e+05,2.1342e+05,2.2011e+05,2.2279e+05,2.2315e+05,NaN,NaN,NaN,NaN,NaN,NaN,NaN,NaN,NaN,NaN,NaN,NaN,NaN,NaN,NaN,NaN,NaN,NaN,NaN,NaN,NaN,NaN,NaN,NaN,NaN,NaN,NaN,NaN,NaN,NaN,NaN,NaN,NaN,NaN,NaN,NaN,NaN,NaN,NaN,NaN,NaN,NaN,NaN,NaN,NaN,NaN,NaN,NaN,NaN,NaN,NaN,NaN
2.1808e+05,2.1411e+05,2.1279e+05,2.0878e+05,2.0479e+05,2.0381e+05,1.9612e+05,1.9215e+05,1.9336e+05,1.8924e+05,1.8591e+05,1.8693e+05,1.8967e+05,1.8676e+05,1.8237e+05,1.8352e+05,1.7805e+05,1.6974e+05,1.5793e+05,1.4209e+05,1.1653e+05,77261,52430,56523,77902,1.1628e+05,1.4569e+05,1.6586e+05,1.7577e+05,1.7992e+05,1.8608e+05,1.8847e+05,1.9261e+05,1.9359e+05,1.9739e+05,1.9758e+05,1.9829e+05,2.0148e+05,2.0532e+05,2.1048e+05,2.1058e+05,2.1508e+05,2.1662e+05,2.1676e+05,2.2457e+05,2.208e+05,2.2451e+05,2.273e+05,2.2748e+05,NaN,NaN,NaN,NaN,NaN,NaN,NaN,NaN,NaN,NaN,NaN,NaN,NaN,NaN,NaN,NaN,NaN,NaN,NaN,NaN,NaN,NaN,NaN,NaN,NaN,NaN,NaN,NaN,NaN,NaN,NaN,NaN,NaN,NaN,NaN,NaN,NaN,NaN,NaN,NaN,NaN,NaN,NaN,NaN,NaN,NaN,NaN,NaN,NaN,NaN,NaN,NaN
3.6081e+05,3.4665e+05,3.4355e+05,3.3034e+05,3.2643e+05,3.2259e+05,3.1764e+05,3.1589e+05,3.1269e+05,3.0892e+05,3.1013e+05,3.1191e+05,3.0861e+05,3.0406e+05,2.9011e+05,2.7487e+05,2.4886e+05,2.1532e+05,1.5507e+05,78560,54212,97570,1.8503e+05,2.4585e+05,2.7895e+05,2.9161e+05,3.0792e+05,3.0761e+05,3.1506e+05,3.1674e+05,3.2515e+05,3.2486e+05,3.3213e+05,3.2619e+05,3.3231e+05,3.349e+05,3.4081e+05,3.5358e+05,3.5562e+05,3.5869e+05,3.5748e+05,3.6752e+05,3.6213e+05,3.672e+05,3.6817e+05,3.728e+05,3.7667e+05,3.7155e+05,3.7469e+05,NaN,NaN,NaN,NaN,NaN,NaN,NaN,NaN,NaN,NaN,NaN,NaN,NaN,NaN,NaN,NaN,NaN,NaN,NaN,NaN,NaN,NaN,NaN,NaN,NaN,NaN,NaN,NaN,NaN,NaN,NaN,NaN,NaN,NaN,NaN,NaN,NaN,NaN,NaN,NaN,NaN,NaN,NaN,NaN,NaN,NaN,NaN,NaN,NaN,NaN,NaN,NaN
2.0418e+05,1.9931e+05,1.925e+05,1.9312e+05,1.863e+05,1.8412e+05,1.8345e+05,1.8098e+05,1.8112e+05,1.8167e+05,1.7945e+05,1.8177e+05,1.7461e+05,1.7137e+05,1.6624e+05,1.5637e+05,1.4118e+05,1.1731e+05,79069,42470,37797,64127,1.1124e+05,1.3309e+05,1.5549e+05,1.6562e+05,1.6916e+05,1.7157e+05,1.7496e+05,1.7919e+05,1.8219e+05,1.8479e+05,1.8917e+05,1.8623e+05,1.9035e+05,1.9172e+05,1.9302e+05,2.0125e+05,2.0331e+05,2.0493e+05,2.0552e+05,2.0391e+05,2.0993e+05,2.1129e+05,2.1487e+05,2.1312e+05,2.1523e+05,2.186e+05,2.1431e+05,NaN,NaN,NaN,NaN,NaN,NaN,NaN,NaN,NaN,NaN,NaN,NaN,NaN,NaN,NaN,NaN,NaN,NaN,NaN,NaN,NaN,NaN,NaN,NaN,NaN,NaN,NaN,NaN,NaN,NaN,NaN,NaN,NaN,NaN,NaN,NaN,NaN,NaN,NaN,NaN,NaN,NaN,NaN,NaN,NaN,NaN,NaN,NaN,NaN,NaN,NaN,NaN
2.0328e+05,1.9799e+05,1.976e+05,1.9298e+05,1.9252e+05,1.8936e+05,1.8494e+05,1.831e+05,1.8137e+05,1.7773e+05,1.7082e+05,1.7306e+05,1.7041e+05,1.7179e+05,1.6916e+05,1.7072e+05,1.6721e+05,1.6286e+05,1.5781e+05,1.4866e+05,1.3454e+05,1.116e+05,77209,54630,49304,60367,99277,1.2646e+05,1.4479e+05,1.5779e+05,1.6774e+05,1.7202e+05,1.7196e+05,1.7767e+05,1.7777e+05,1.8235e+05,1.8225e+05,1.8369e+05,1.8648e+05,1.8603e+05,1.9168e+05,1.9519e+05,1.9824e+05,1.9868e+05,2.0254e+05,2.0389e+05,2.0458e+05,2.0594e+05,2.0651e+05,NaN,NaN,NaN,NaN,NaN,NaN,NaN,NaN,NaN,NaN,NaN,NaN,NaN,NaN,NaN,NaN,NaN,NaN,NaN,NaN,NaN,NaN,NaN,NaN,NaN,NaN,NaN,NaN,NaN,NaN,NaN,NaN,NaN,NaN,NaN,NaN,NaN,NaN,NaN,NaN,NaN,NaN,NaN,NaN,NaN,NaN,NaN,NaN,NaN,NaN,NaN,NaN
4.2659e+05,3.4965e+05,3.4493e+05,3.3753e+05,3.392e+05,3.2666e+05,3.5366e+05,3.6633e+05,3.5012e+05,3.3597e+05,3.4328e+05,3.4568e+05,3.4433e+05,3.4089e+05,3.4414e+05,3.5086e+05,3.4797e+05,3.416e+05,3.445e+05,3.3743e+05,3.3651e+05,3.3508e+05,3.3251e+05,3.2826e+05,3.2811e+05,3.3271e+05,3.3231e+05,3.2881e+05,3.292e+05,3.2997e+05,3.4067e+05,3.4525e+05,3.4457e+05,3.0907e+05,3.6202e+05,3.6285e+05,3.4382e+05,3.6095e+05,3.4307e+05,3.3714e+05,3.4142e+05,3.4194e+05,3.4739e+05,3.3657e+05,3.3244e+05,3.3178e+05,3.3284e+05,3.3639e+05,3.0194e+05,2.972e+05,2.6609e+05,2.0219e+05,1.1707e+05,1.085e+05,1.5311e+05,2.2279e+05,2.7268e+05,3.077e+05,3.2412e+05,3.1352e+05,3.3693e+05,3.3712e+05,3.4172e+05,3.4072e+05,3.4797e+05,3.4563e+05,3.5504e+05,3.3526e+05,3.5427e+05,3.5258e+05,3.5037e+05,3.5116e+05,3.4423e+05,3.5044e+05,3.686e+05,3.5967e+05,3.491e+05,3.5339e+05,3.5451e+05,3.5366e+05,3.1863e+05,3.5273e+05,3.5198e+05,3.5108e+05,3.5076e+05,3.5739e+05,3.3522e+05,3.5251e+05,3.5992e+05,3.5339e+05,3.6223e+05,3.5594e+05,3.5398e+05,3.7455e+05,3.3692e+05,3.4841e+05,3.5843e+05,3.5493e+05,3.6407e+05,3.599e+05,3.8944e+05
2.0723e+05,1.9942e+05,1.9963e+05,1.9728e+05,1.9719e+05,1.9454e+05,1.9878e+05,1.9257e+05,1.9567e+05,1.9001e+05,1.9187e+05,1.8709e+05,1.8535e+05,1.7844e+05,1.7443e+05,1.7559e+05,1.7216e+05,1.6729e+05,1.6686e+05,1.6572e+05,1.6288e+05,1.6366e+05,1.621e+05,1.623e+05,1.5625e+05,1.4738e+05,1.4122e+05,1.3029e+05,1.1071e+05,77202,65867,73544,85487,97658,1.1627e+05,1.3391e+05,1.4881e+05,1.5973e+05,1.6076e+05,1.6317e+05,1.6488e+05,1.7091e+05,1.7068e+05,1.7117e+05,1.7192e+05,1.7336e+05,1.7456e+05,1.7856e+05,1.7697e+05,NaN,NaN,NaN,NaN,NaN,NaN,NaN,NaN,NaN,NaN,NaN,NaN,NaN,NaN,NaN,NaN,NaN,NaN,NaN,NaN,NaN,NaN,NaN,NaN,NaN,NaN,NaN,NaN,NaN,NaN,NaN,NaN,NaN,NaN,NaN,NaN,NaN,NaN,NaN,NaN,NaN,NaN,NaN,NaN,NaN,NaN,NaN,NaN,NaN,NaN,NaN,NaN
4.386e+05,3.7537e+05,3.732e+05,3.4566e+05,3.5103e+05,3.5671e+05,3.6356e+05,3.5161e+05,3.5206e+05,3.5395e+05,3.5353e+05,3.9675e+05,3.5224e+05,3.4073e+05,3.5752e+05,3.2952e+05,2.9485e+05,3.5837e+05,3.4401e+05,3.6191e+05,3.4175e+05,2.9997e+05,3.4348e+05,3.4426e+05,3.4001e+05,3.3555e+05,3.3818e+05,3.3686e+05,3.9282e+05,3.3568e+05,3.8333e+05,3.419e+05,3.3731e+05,3.3748e+05,3.3328e+05,3.5573e+05,3.3756e+05,3.4289e+05,3.4182e+05,2.9373e+05,3.3572e+05,3.3291e+05,3.436e+05,3.7777e+05,3.666e+05,3.4522e+05,3.2994e+05,3.3403e+05,3.2756e+05,3.0276e+05,2.7071e+05,2.7786e+05,2.2314e+05,2.0405e+05,1.1703e+05,1.0456e+05,1.4937e+05,2.3394e+05,2.7234e+05,2.8205e+05,3.1359e+05,3.3373e+05,3.6759e+05,3.4024e+05,3.4523e+05,3.4853e+05,3.3956e+05,3.5177e+05,3.4443e+05,3.4427e+05,3.558e+05,3.3992e+05,3.3795e+05,3.4785e+05,3.7642e+05,3.4759e+05,3.4628e+05,3.5283e+05,3.4649e+05,3.5099e+05,3.4307e+05,3.6093e+05,3.4769e+05,3.7972e+05,4.0625e+05,3.3901e+05,3.4608e+05,4.0766e+05,3.5425e+05,3.8305e+05,3.481e+05,3.7501e+05,3.4985e+05,3.5677e+05,3.5613e+05,3.7732e+05,3.498e+05,3.5881e+05,3.5406e+05,3.599e+05,3.6767e+05
2.1506e+05,2.0778e+05,2.0207e+05,1.9799e+05,1.943e+05,1.9271e+05,1.9255e+05,1.8726e+05,1.8844e+05,1.8723e+05,1.9082e+05,1.8771e+05,1.8154e+05,1.8092e+05,1.7418e+05,1.6134e+05,1.4074e+05,1.0575e+05,58706,38604,45157,87097,1.2974e+05,1.5993e+05,1.7063e+05,1.7755e+05,1.8104e+05,1.8286e+05,1.8408e+05,1.9162e+05,1.922e+05,1.9717e+05,1.9893e+05,1.9427e+05,2.0126e+05,2.0308e+05,2.0938e+05,2.1206e+05,2.1067e+05,2.1764e+05,2.1819e+05,2.2177e+05,2.2353e+05,2.2337e+05,2.2403e+05,2.2437e+05,2.302e+05,2.2699e+05,2.286e+05,NaN,NaN,NaN,NaN,NaN,NaN,NaN,NaN,NaN,NaN,NaN,NaN,NaN,NaN,NaN,NaN,NaN,NaN,NaN,NaN,NaN,NaN,NaN,NaN,NaN,NaN,NaN,NaN,NaN,NaN,NaN,NaN,NaN,NaN,NaN,NaN,NaN,NaN,NaN,NaN,NaN,NaN,NaN,NaN,NaN,NaN,NaN,NaN,NaN,NaN,NaN,NaN
2.0187e+05,2.0082e+05,1.9714e+05,1.9642e+05,1.9076e+05,1.8626e+05,1.8055e+05,1.7954e+05,1.7907e+05,1.7971e+05,1.7495e+05,1.7502e+05,1.7373e+05,1.7181e+05,1.7436e+05,1.685e+05,1.5839e+05,1.4302e+05,1.2467e+05,97624,52766,35991,46027,83105,1.1589e+05,1.3881e+05,1.5641e+05,1.6701e+05,1.6744e+05,1.7222e+05,1.81e+05,1.822e+05,1.8522e+05,1.8605e+05,1.8618e+05,1.8654e+05,1.9237e+05,1.8919e+05,1.9678e+05,2.0076e+05,1.9835e+05,2.0008e+05,2.0624e+05,2.0691e+05,2.0812e+05,2.0698e+05,2.0766e+05,2.1627e+05,2.1154e+05,NaN,NaN,NaN,NaN,NaN,NaN,NaN,NaN,NaN,NaN,NaN,NaN,NaN,NaN,NaN,NaN,NaN,NaN,NaN,NaN,NaN,NaN,NaN,NaN,NaN,NaN,NaN,NaN,NaN,NaN,NaN,NaN,NaN,NaN,NaN,NaN,NaN,NaN,NaN,NaN,NaN,NaN,NaN,NaN,NaN,NaN,NaN,NaN,NaN,NaN,NaN,NaN
3.7517e+05,3.5779e+05,3.5977e+05,3.6255e+05,3.4765e+05,3.5495e+05,3.5437e+05,3.3837e+05,3.4679e+05,3.2812e+05,3.308e+05,3.1318e+05,3.218e+05,3.1564e+05,3.1745e+05,3.1224e+05,3.1696e+05,3.1183e+05,3.1227e+05,3.1042e+05,2.9371e+05,2.8935e+05,2.7048e+05,2.4461e+05,1.974e+05,1.3735e+05,89549,80733,1.2176e+05,1.9612e+05,2.5108e+05,2.8112e+05,2.9829e+05,3.1657e+05,3.1472e+05,3.2514e+05,3.27e+05,3.383e+05,3.3631e+05,3.407e+05,3.4903e+05,3.4419e+05,3.5462e+05,3.5908e+05,3.6543e+05,3.713e+05,3.7822e+05,3.8107e+05,3.8547e+05,NaN,NaN,NaN,NaN,NaN,NaN,NaN,NaN,NaN,NaN,NaN,NaN,NaN,NaN,NaN,NaN,NaN,NaN,NaN,NaN,NaN,NaN,NaN,NaN,NaN,NaN,NaN,NaN,NaN,NaN,NaN,NaN,NaN,NaN,NaN,NaN,NaN,NaN,NaN,NaN,NaN,NaN,NaN,NaN,NaN,NaN,NaN,NaN,NaN,NaN,NaN,NaN
1.9261e+05,1.8988e+05,1.8834e+05,1.8247e+05,1.8438e+05,1.8127e+05,1.7441e+05,1.7865e+05,1.7597e+05,1.7103e+05,1.7161e+05,1.6824e+05,1.6838e+05,1.6507e+05,1.6636e+05,1.6426e+05,1.632e+05,1.5758e+05,1.5253e+05,1.5311e+05,1.4308e+05,1.2987e+05,1.1243e+05,80404,47950,35088,43908,82636,1.1022e+05,1.3318e+05,1.4501e+05,1.555e+05,1.5361e+05,1.5656e+05,1.6369e+05,1.6519e+05,1.6918e+05,1.7024e+05,1.7169e+05,1.7129e+05,1.6994e+05,1.7731e+05,1.7962e+05,1.8029e+05,1.9114e+05,1.8711e+05,1.8363e+05,1.9156e+05,1.9417e+05,NaN,NaN,NaN,NaN,NaN,NaN,NaN,NaN,NaN,NaN,NaN,NaN,NaN,NaN,NaN,NaN,NaN,NaN,NaN,NaN,NaN,NaN,NaN,NaN,NaN,NaN,NaN,NaN,NaN,NaN,NaN,NaN,NaN,NaN,NaN,NaN,NaN,NaN,NaN,NaN,NaN,NaN,NaN,NaN,NaN,NaN,NaN,NaN,NaN,NaN,NaN,NaN
2.2353e+05,2.2141e+05,2.1816e+05,2.1776e+05,2.1687e+05,2.137e+05,2.1249e+05,2.099e+05,2.1016e+05,2.0478e+05,2.0177e+05,1.9885e+05,1.936e+05,1.9181e+05,1.8922e+05,1.8405e+05,1.8109e+05,1.8311e+05,1.7799e+05,1.7903e+05,1.8047e+05,1.7871e+05,1.7579e+05,1.6986e+05,1.6549e+05,1.5459e+05,1.3584e+05,1.0899e+05,69192,40065,38985,72030,1.1246e+05,1.42e+05,1.6042e+05,1.7105e+05,1.7881e+05,1.8289e+05,1.8398e+05,1.8749e+05,1.8976e+05,1.9238e+05,1.9225e+05,1.9335e+05,1.9471e+05,2.0086e+05,2.0429e+05,2.0916e+05,2.1347e+05,NaN,NaN,NaN,NaN,NaN,NaN,NaN,NaN,NaN,NaN,NaN,NaN,NaN,NaN,NaN,NaN,NaN,NaN,NaN,NaN,NaN,NaN,NaN,NaN,NaN,NaN,NaN,NaN,NaN,NaN,NaN,NaN,NaN,NaN,NaN,NaN,NaN,NaN,NaN,NaN,NaN,NaN,NaN,NaN,NaN,NaN,NaN,NaN,NaN,NaN,NaN,NaN
3.8819e+05,3.6488e+05,3.607e+05,3.4885e+05,3.4437e+05,3.4758e+05,3.4687e+05,3.4373e+05,3.4209e+05,3.3822e+05,3.4283e+05,3.3904e+05,3.2865e+05,3.2384e+05,3.0844e+05,2.7771e+05,2.3108e+05,1.4635e+05,70847,68107,1.2726e+05,2.0204e+05,2.5456e+05,2.9812e+05,3.1695e+05,3.2574e+05,3.3556e+05,3.4545e+05,3.487e+05,3.5264e+05,3.5569e+05,3.5532e+05,3.6252e+05,3.6163e+05,3.727e+05,3.7634e+05,3.822e+05,3.85e+05,3.9319e+05,3.8866e+05,3.976e+05,3.9456e+05,4.0542e+05,3.9862e+05,4.0766e+05,3.9847e+05,4.0705e+05,4.0263e+05,4.1134e+05,NaN,NaN,NaN,NaN,NaN,NaN,NaN,NaN,NaN,NaN,NaN,NaN,NaN,NaN,NaN,NaN,NaN,NaN,NaN,NaN,NaN,NaN,NaN,NaN,NaN,NaN,NaN,NaN,NaN,NaN,NaN,NaN,NaN,NaN,NaN,NaN,NaN,NaN,NaN,NaN,NaN,NaN,NaN,NaN,NaN,NaN,NaN,NaN,NaN,NaN,NaN,NaN
1.8929e+05,1.849e+05,1.8838e+05,1.8771e+05,1.8054e+05,1.8058e+05,1.8192e+05,1.7453e+05,1.7288e+05,1.6761e+05,1.6344e+05,1.638e+05,1.6334e+05,1.6154e+05,1.5996e+05,1.609e+05,1.5572e+05,1.564e+05,1.5552e+05,1.5028e+05,1.362e+05,1.2859e+05,1.0409e+05,67706,46013,40249,65231,98055,1.2351e+05,1.4005e+05,1.5031e+05,1.5989e+05,1.622e+05,1.6432e+05,1.655e+05,1.6933e+05,1.7211e+05,1.7584e+05,1.7388e+05,1.7543e+05,1.7711e+05,1.8073e+05,1.8321e+05,1.8863e+05,1.9e+05,1.9441e+05,1.9211e+05,1.9255e+05,1.945e+05,NaN,NaN,NaN,NaN,NaN,NaN,NaN,NaN,NaN,NaN,NaN,NaN,NaN,NaN,NaN,NaN,NaN,NaN,NaN,NaN,NaN,NaN,NaN,NaN,NaN,NaN,NaN,NaN,NaN,NaN,NaN,NaN,NaN,NaN,NaN,NaN,NaN,NaN,NaN,NaN,NaN,NaN,NaN,NaN,NaN,NaN,NaN,NaN,NaN,NaN,NaN,NaN
1.8465e+05,2.0106e+05,2.099e+05,2.0932e+05,2.1007e+05,2.0848e+05,2.0812e+05,2.1085e+05,1.9852e+05,2.0859e+05,2.0802e+05,2.0992e+05,2.1155e+05,2.2623e+05,1.962e+05,2.087e+05,2.076e+05,2.0887e+05,2.0928e+05,1.9555e+05,1.7671e+05,1.9796e+05,2.0786e+05,2.0394e+05,2.0348e+05,2.0109e+05,2.0219e+05,1.9083e+05,1.5282e+05,1.978e+05,2.0474e+05,2.0359e+05,2.0574e+05,2.0856e+05,2.0172e+05,2.0446e+05,2.0462e+05,2.0365e+05,2.0506e+05,1.9419e+05,1.9478e+05,2.0452e+05,1.4606e+05,1.5913e+05,1.5138e+05,1.9391e+05,2.0002e+05,1.7956e+05,1.9031e+05,1.9203e+05,1.9238e+05,1.8118e+05,1.6908e+05,1.3642e+05,69604,48426,73475,1.3684e+05,1.6623e+05,1.8124e+05,1.8992e+05,1.9493e+05,1.2683e+05,2.2987e+05,1.9736e+05,1.9942e+05,2.0023e+05,2.0073e+05,2.0853e+05,2.0914e+05,2.0862e+05,2.0789e+05,2.0935e+05,2.1098e+05,2.0989e+05,2.147e+05,2.2027e+05,2.0036e+05,2.0967e+05,2.0969e+05,2.1276e+05,2.1078e+05,2.1513e+05,2.0235e+05,2.0137e+05,2.1203e+05,2.1172e+05,2.1152e+05,2.1282e+05,2.0502e+05,2.1488e+05,2.1229e+05,1.8087e+05,2.0582e+05,2.0627e+05,2.1701e+05,2.2455e+05,2.0943e+05,2.0943e+05,2.1491e+05,2.2216e+05
1.4864e+05,1.4198e+05,1.451e+05,1.9171e+05,1.3992e+05,1.3961e+05,1.3814e+05,1.3774e+05,1.3729e+05,1.3805e+05,1.5403e+05,1.3501e+05,1.3565e+05,1.3515e+05,1.4656e+05,1.3445e+05,1.3326e+05,1.3464e+05,1.2881e+05,1.3786e+05,1.0766e+05,69741,20644,17522,71870,1.2077e+05,1.217e+05,1.2826e+05,1.325e+05,1.358e+05,1.3845e+05,1.379e+05,1.3528e+05,1.3764e+05,1.3791e+05,1.6683e+05,1.4769e+05,1.442e+05,1.4956e+05,1.4207e+05,1.4333e+05,1.4511e+05,1.4354e+05,1.8609e+05,1.4363e+05,1.9522e+05,1.4497e+05,1.4896e+05,1.4588e+05,NaN,NaN,NaN,NaN,NaN,NaN,NaN,NaN,NaN,NaN,NaN,NaN,NaN,NaN,NaN,NaN,NaN,NaN,NaN,NaN,NaN,NaN,NaN,NaN,NaN,NaN,NaN,NaN,NaN,NaN,NaN,NaN,NaN,NaN,NaN,NaN,NaN,NaN,NaN,NaN,NaN,NaN,NaN,NaN,NaN,NaN,NaN,NaN,NaN,NaN,NaN,NaN
2.0796e+05,2.0176e+05,1.9903e+05,1.9673e+05,1.9334e+05,1.9112e+05,1.8757e+05,1.8497e+05,1.8008e+05,1.8042e+05,1.7867e+05,1.7677e+05,1.7497e+05,1.7129e+05,1.7221e+05,1.6967e+05,1.5959e+05,1.576e+05,1.4795e+05,1.3246e+05,1.212e+05,1.0478e+05,1.0006e+05,97280,95837,1.1675e+05,1.3241e+05,1.4944e+05,1.5954e+05,1.6791e+05,1.7906e+05,1.7868e+05,1.8247e+05,1.8363e+05,1.8341e+05,1.8703e+05,1.9045e+05,1.9515e+05,1.9544e+05,1.9935e+05,1.9865e+05,2.0061e+05,2.0328e+05,2.0934e+05,2.0695e+05,2.0995e+05,2.1357e+05,2.1505e+05,2.1713e+05,NaN,NaN,NaN,NaN,NaN,NaN,NaN,NaN,NaN,NaN,NaN,NaN,NaN,NaN,NaN,NaN,NaN,NaN,NaN,NaN,NaN,NaN,NaN,NaN,NaN,NaN,NaN,NaN,NaN,NaN,NaN,NaN,NaN,NaN,NaN,NaN,NaN,NaN,NaN,NaN,NaN,NaN,NaN,NaN,NaN,NaN,NaN,NaN,NaN,NaN,NaN,NaN
4.716e+05,3.7887e+05,3.8214e+05,3.8054e+05,3.8254e+05,3.7723e+05,3.8076e+05,3.7987e+05,3.7458e+05,3.803e+05,3.8104e+05,3.8043e+05,3.8312e+05,3.7781e+05,3.781e+05,3.7955e+05,3.7006e+05,3.682e+05,3.7266e+05,3.6479e+05,3.7188e+05,3.7324e+05,3.7274e+05,3.5022e+05,3.7939e+05,3.6913e+05,3.5884e+05,3.6644e+05,3.6878e+05,3.6826e+05,3.5414e+05,3.6133e+05,3.6588e+05,3.6334e+05,3.6139e+05,3.6419e+05,3.6161e+05,3.6832e+05,3.6276e+05,3.6163e+05,3.6692e+05,3.6228e+05,3.6356e+05,3.6514e+05,3.5869e+05,3.5617e+05,3.4638e+05,3.362e+05,3.1902e+05,2.8146e+05,2.1817e+05,1.1636e+05,51343,1.0133e+05,2.1143e+05,2.7692e+05,3.1361e+05,3.309e+05,3.3986e+05,3.5373e+05,3.5656e+05,3.5775e+05,3.6425e+05,3.6363e+05,3.6674e+05,3.7181e+05,3.6869e+05,3.604e+05,3.7244e+05,3.6986e+05,3.7015e+05,3.6767e+05,3.7303e+05,3.6839e+05,3.6837e+05,3.7238e+05,3.9001e+05,3.828e+05,3.7532e+05,3.7706e+05,3.7034e+05,3.6584e+05,3.7082e+05,3.698e+05,3.6785e+05,4.0216e+05,3.7513e+05,4.1152e+05,3.7413e+05,3.8306e+05,3.7432e+05,3.7794e+05,3.8282e+05,3.7712e+05,4.0303e+05,3.7612e+05,3.8429e+05,3.7575e+05,3.8321e+05,3.7732e+05,4.1767e+05
1.9242e+05,1.8596e+05,1.8491e+05,1.7785e+05,1.7602e+05,1.7362e+05,1.7236e+05,1.7248e+05,1.7124e+05,1.6955e+05,1.7076e+05,1.7047e+05,1.6872e+05,1.615e+05,1.5663e+05,1.473e+05,1.3708e+05,1.0569e+05,66616,35983,35474,65533,1.0296e+05,1.3e+05,1.4756e+05,1.5385e+05,1.6085e+05,1.6085e+05,1.6814e+05,1.6781e+05,1.6971e+05,1.7332e+05,1.7335e+05,1.714e+05,1.7701e+05,1.7781e+05,1.84e+05,1.8912e+05,1.9001e+05,1.9392e+05,1.9314e+05,1.9471e+05,1.9774e+05,1.9995e+05,1.9789e+05,1.9978e+05,1.9964e+05,2.0334e+05,2.0333e+05,NaN,NaN,NaN,NaN,NaN,NaN,NaN,NaN,NaN,NaN,NaN,NaN,NaN,NaN,NaN,NaN,NaN,NaN,NaN,NaN,NaN,NaN,NaN,NaN,NaN,NaN,NaN,NaN,NaN,NaN,NaN,NaN,NaN,NaN,NaN,NaN,NaN,NaN,NaN,NaN,NaN,NaN,NaN,NaN,NaN,NaN,NaN,NaN,NaN,NaN,NaN,NaN
1.9361e+05,1.8825e+05,1.8687e+05,1.8435e+05,1.8138e+05,1.8524e+05,1.8161e+05,1.8175e+05,1.7715e+05,1.7701e+05,1.7334e+05,1.7213e+05,1.6806e+05,1.6803e+05,1.6358e+05,1.606e+05,1.6179e+05,1.5819e+05,1.5535e+05,1.5312e+05,1.5333e+05,1.5251e+05,1.4873e+05,1.4609e+05,1.3883e+05,1.304e+05,1.181e+05,1.012e+05,80982,74157,79179,83692,93387,1.1137e+05,1.2489e+05,1.3382e+05,1.4141e+05,1.4744e+05,1.5431e+05,1.5871e+05,1.6038e+05,1.6045e+05,1.6463e+05,1.6414e+05,1.6756e+05,1.6884e+05,1.7107e+05,1.736e+05,1.7538e+05,NaN,NaN,NaN,NaN,NaN,NaN,NaN,NaN,NaN,NaN,NaN,NaN,NaN,NaN,NaN,NaN,NaN,NaN,NaN,NaN,NaN,NaN,NaN,NaN,NaN,NaN,NaN,NaN,NaN,NaN,NaN,NaN,NaN,NaN,NaN,NaN,NaN,NaN,NaN,NaN,NaN,NaN,NaN,NaN,NaN,NaN,NaN,NaN,NaN,NaN,NaN,NaN
2.5063e+05,2.3922e+05,2.3626e+05,2.3602e+05,2.2646e+05,2.3239e+05,2.2461e+05,2.2375e+05,2.206e+05,2.1912e+05,2.1442e+05,2.0691e+05,2.1529e+05,2.1262e+05,2.0729e+05,2.075e+05,2.0186e+05,2.0119e+05,1.9476e+05,1.751e+05,1.5592e+05,99353,54035,56303,1.0285e+05,1.4151e+05,1.7399e+05,1.8996e+05,1.9957e+05,2.0599e+05,2.0991e+05,2.1207e+05,2.1836e+05,2.1946e+05,2.2685e+05,2.2074e+05,2.2492e+05,2.2177e+05,2.3599e+05,2.3849e+05,2.4451e+05,2.4572e+05,2.4446e+05,2.4812e+05,2.5305e+05,2.5656e+05,2.5086e+05,2.5124e+05,2.5318e+05,NaN,NaN,NaN,NaN,NaN,NaN,NaN,NaN,NaN,NaN,NaN,NaN,NaN,NaN,NaN,NaN,NaN,NaN,NaN,NaN,NaN,NaN,NaN,NaN,NaN,NaN,NaN,NaN,NaN,NaN,NaN,NaN,NaN,NaN,NaN,NaN,NaN,NaN,NaN,NaN,NaN,NaN,NaN,NaN,NaN,NaN,NaN,NaN,NaN,NaN,NaN,NaN
1.9485e+05,1.89e+05,1.8222e+05,1.8273e+05,1.7943e+05,1.7318e+05,1.7095e+05,1.7214e+05,1.6771e+05,1.6826e+05,1.7109e+05,1.669e+05,1.6302e+05,1.6835e+05,1.5993e+05,1.6388e+05,1.5056e+05,1.4767e+05,1.3572e+05,1.1997e+05,91823,58637,48365,51017,71110,1.091e+05,1.3488e+05,1.4421e+05,1.5329e+05,1.6345e+05,1.5984e+05,1.6455e+05,1.684e+05,1.699e+05,1.7472e+05,1.7385e+05,1.703e+05,1.7228e+05,1.7398e+05,1.8176e+05,1.8425e+05,1.8728e+05,1.8618e+05,1.9372e+05,1.9432e+05,1.8642e+05,1.9285e+05,1.9615e+05,1.9613e+05,NaN,NaN,NaN,NaN,NaN,NaN,NaN,NaN,NaN,NaN,NaN,NaN,NaN,NaN,NaN,NaN,NaN,NaN,NaN,NaN,NaN,NaN,NaN,NaN,NaN,NaN,NaN,NaN,NaN,NaN,NaN,NaN,NaN,NaN,NaN,NaN,NaN,NaN,NaN,NaN,NaN,NaN,NaN,NaN,NaN,NaN,NaN,NaN,NaN,NaN,NaN,NaN
2.156e+05,2.119e+05,2.0697e+05,2.0318e+05,2.0278e+05,1.9948e+05,1.9721e+05,1.947e+05,1.9186e+05,1.8867e+05,1.865e+05,1.863e+05,1.8561e+05,1.8281e+05,1.8039e+05,1.7461e+05,1.6555e+05,1.5556e+05,1.4344e+05,1.2498e+05,1.0359e+05,92774,85719,82217,90760,1.2574e+05,1.4963e+05,1.6423e+05,1.7508e+05,1.8003e+05,1.8811e+05,1.9081e+05,1.9272e+05,1.944e+05,1.96e+05,1.9825e+05,1.9905e+05,2.0044e+05,2.0245e+05,2.0453e+05,2.1051e+05,2.1212e+05,2.1265e+05,2.1821e+05,2.1817e+05,2.1807e+05,2.2217e+05,2.2376e+05,2.2781e+05,NaN,NaN,NaN,NaN,NaN,NaN,NaN,NaN,NaN,NaN,NaN,NaN,NaN,NaN,NaN,NaN,NaN,NaN,NaN,NaN,NaN,NaN,NaN,NaN,NaN,NaN,NaN,NaN,NaN,NaN,NaN,NaN,NaN,NaN,NaN,NaN,NaN,NaN,NaN,NaN,NaN,NaN,NaN,NaN,NaN,NaN,NaN,NaN,NaN,NaN,NaN,NaN
1.9634e+05,1.9076e+05,1.9038e+05,1.8993e+05,1.8648e+05,1.7821e+05,1.8347e+05,1.8228e+05,1.8139e+05,1.8303e+05,1.8186e+05,1.7731e+05,1.7139e+05,1.6628e+05,1.6122e+05,1.5056e+05,1.2049e+05,85283,44839,34012,55093,1.0431e+05,1.3768e+05,1.5558e+05,1.6347e+05,1.7223e+05,1.796e+05,1.7645e+05,1.794e+05,1.8724e+05,1.9044e+05,1.888e+05,1.9158e+05,1.9263e+05,1.9368e+05,2.0133e+05,2.0282e+05,2.0985e+05,2.0498e+05,2.0816e+05,2.083e+05,2.1408e+05,2.0733e+05,2.163e+05,2.1314e+05,2.1646e+05,2.1646e+05,2.1293e+05,2.1473e+05,NaN,NaN,NaN,NaN,NaN,NaN,NaN,NaN,NaN,NaN,NaN,NaN,NaN,NaN,NaN,NaN,NaN,NaN,NaN,NaN,NaN,NaN,NaN,NaN,NaN,NaN,NaN,NaN,NaN,NaN,NaN,NaN,NaN,NaN,NaN,NaN,NaN,NaN,NaN,NaN,NaN,NaN,NaN,NaN,NaN,NaN,NaN,NaN,NaN,NaN,NaN,NaN
2.0763e+05,2.04e+05,2.0337e+05,2.0474e+05,2.0222e+05,2.0169e+05,1.9816e+05,1.9479e+05,1.9632e+05,1.9281e+05,1.9139e+05,1.8697e+05,1.8477e+05,1.817e+05,1.786e+05,1.7627e+05,1.7678e+05,1.7301e+05,1.7105e+05,1.6884e+05,1.6797e+05,1.6559e+05,1.6444e+05,1.6001e+05,1.5363e+05,1.4747e+05,1.3252e+05,1.1398e+05,94539,90350,88847,96278,97489,1.1082e+05,1.3146e+05,1.4553e+05,1.5631e+05,1.6168e+05,1.667e+05,1.7107e+05,1.7548e+05,1.7769e+05,1.7797e+05,1.7896e+05,1.8152e+05,1.8625e+05,1.8708e+05,1.9322e+05,1.9191e+05,NaN,NaN,NaN,NaN,NaN,NaN,NaN,NaN,NaN,NaN,NaN,NaN,NaN,NaN,NaN,NaN,NaN,NaN,NaN,NaN,NaN,NaN,NaN,NaN,NaN,NaN,NaN,NaN,NaN,NaN,NaN,NaN,NaN,NaN,NaN,NaN,NaN,NaN,NaN,NaN,NaN,NaN,NaN,NaN,NaN,NaN,NaN,NaN,NaN,NaN,NaN,NaN
3.9307e+05,3.2425e+05,3.3036e+05,3.0937e+05,2.972e+05,2.6496e+05,3.2492e+05,3.2126e+05,3.1088e+05,3.2107e+05,3.0893e+05,3.0498e+05,3.2075e+05,3.2912e+05,3.3198e+05,3.3017e+05,2.5961e+05,3.264e+05,3.1749e+05,3.2688e+05,3.3006e+05,3.281e+05,3.3139e+05,3.2403e+05,3.2806e+05,3.2573e+05,3.29e+05,3.2052e+05,3.2432e+05,3.2222e+05,3.2223e+05,3.2248e+05,2.5995e+05,3.2099e+05,3.264e+05,3.2649e+05,3.2716e+05,3.188e+05,3.2765e+05,3.327e+05,3.1975e+05,3.3214e+05,3.1756e+05,3.1273e+05,3.2611e+05,3.1793e+05,3.2481e+05,3.2832e+05,3.3015e+05,3.1895e+05,3.2327e+05,3.1706e+05,3.1456e+05,3.1634e+05,3.1382e+05,3.0545e+05,2.8584e+05,2.7511e+05,2.3894e+05,1.8759e+05,1.869e+05,1.8634e+05,1.907e+05,2.2481e+05,2.6061e+05,2.8637e+05,2.9702e+05,3.0726e+05,2.9674e+05,3.127e+05,3.1707e+05,3.2163e+05,2.8526e+05,3.1873e+05,3.2343e+05,3.2123e+05,2.6707e+05,3.1406e+05,3.2332e+05,3.2171e+05,3.2974e+05,3.2844e+05,3.2322e+05,3.1734e+05,3.2802e+05,3.1972e+05,3.1973e+05,3.2115e+05,3.1905e+05,3.2714e+05,3.2315e+05,3.2522e+05,3.2343e+05,3.2048e+05,3.3032e+05,3.2916e+05,3.2517e+05,3.0243e+05,3.263e+05,3.1756e+05,3.3128e+05
1.3616e+05,1.3661e+05,1.3965e+05,1.3349e+05,1.3672e+05,1.344e+05,1.3797e+05,1.3364e+05,1.3317e+05,1.3257e+05,1.3095e+05,1.3092e+05,1.2219e+05,1.2779e+05,1.2598e+05,1.2581e+05,1.2805e+05,1.2317e+05,1.1947e+05,1.18e+05,1.2543e+05,1.2334e+05,1.1596e+05,1.1936e+05,1.1319e+05,1.094e+05,96335,77771,41462,19968,22711,60483,89949,1.04e+05,1.13e+05,1.1886e+05,1.1915e+05,1.2142e+05,1.2331e+05,1.285e+05,1.2739e+05,1.2398e+05,1.2013e+05,1.2715e+05,1.2867e+05,1.2757e+05,1.2981e+05,1.3111e+05,1.2681e+05,NaN,NaN,NaN,NaN,NaN,NaN,NaN,NaN,NaN,NaN,NaN,NaN,NaN,NaN,NaN,NaN,NaN,NaN,NaN,NaN,NaN,NaN,NaN,NaN,NaN,NaN,NaN,NaN,NaN,NaN,NaN,NaN,NaN,NaN,NaN,NaN,NaN,NaN,NaN,NaN,NaN,NaN,NaN,NaN,NaN,NaN,NaN,NaN,NaN,NaN,NaN,NaN
1.7566e+05,1.7322e+05,1.6881e+05,1.68e+05,1.6511e+05,1.6504e+05,1.6355e+05,1.643e+05,1.5894e+05,1.6005e+05,1.5439e+05,1.5574e+05,1.4868e+05,1.4659e+05,1.4605e+05,1.464e+05,1.4938e+05,1.4388e+05,1.4485e+05,1.4328e+05,1.3951e+05,1.3971e+05,1.3585e+05,1.2601e+05,1.1472e+05,96085,70248,41556,35777,51720,79543,1.0721e+05,1.249e+05,1.3452e+05,1.4001e+05,1.4197e+05,1.4518e+05,1.4556e+05,1.5075e+05,1.5631e+05,1.5494e+05,1.5342e+05,1.501e+05,1.5628e+05,1.5876e+05,1.6351e+05,1.6668e+05,1.7093e+05,1.7024e+05,NaN,NaN,NaN,NaN,NaN,NaN,NaN,NaN,NaN,NaN,NaN,NaN,NaN,NaN,NaN,NaN,NaN,NaN,NaN,NaN,NaN,NaN,NaN,NaN,NaN,NaN,NaN,NaN,NaN,NaN,NaN,NaN,NaN,NaN,NaN,NaN,NaN,NaN,NaN,NaN,NaN,NaN,NaN,NaN,NaN,NaN,NaN,NaN,NaN,NaN,NaN,NaN
2.2862e+05,1.7545e+05,1.787e+05,1.8193e+05,1.8783e+05,1.8141e+05,1.7245e+05,1.7498e+05,1.8554e+05,1.7409e+05,1.7754e+05,1.8116e+05,1.8296e+05,1.7838e+05,1.6778e+05,1.6478e+05,1.5424e+05,1.6772e+05,1.7139e+05,1.7645e+05,1.8687e+05,1.719e+05,1.7895e+05,1.7675e+05,1.7548e+05,1.7551e+05,1.6875e+05,1.8243e+05,1.7669e+05,1.8293e+05,1.8281e+05,1.8551e+05,1.8361e+05,1.7426e+05,1.6279e+05,1.6929e+05,1.7231e+05,1.7628e+05,1.7834e+05,1.7815e+05,1.7046e+05,1.8303e+05,1.7696e+05,1.7029e+05,1.739e+05,1.727e+05,1.6787e+05,1.5835e+05,1.7294e+05,1.8129e+05,1.6623e+05,1.7175e+05,1.6939e+05,1.6601e+05,1.6958e+05,1.7299e+05,1.7569e+05,1.725e+05,1.7338e+05,1.7521e+05,1.7361e+05,1.7154e+05,1.6783e+05,1.8124e+05,1.7169e+05,1.7192e+05,1.7332e+05,1.774e+05,1.6729e+05,1.7225e+05,1.8207e+05,1.7132e+05,1.3799e+05,1.0015e+05,75253,76257,87302,1.0318e+05,1.2636e+05,1.3863e+05,1.6088e+05,1.6175e+05,1.731e+05,1.6938e+05,1.5402e+05,1.7703e+05,1.6979e+05,1.7172e+05,1.6747e+05,1.7689e+05,1.7481e+05,1.6974e+05,1.6555e+05,1.7608e+05,1.6853e+05,1.726e+05,1.655e+05,1.7832e+05,1.7906e+05,1.7653e+05,1.7277e+05
2.0473e+05,1.9839e+05,1.914e+05,1.8953e+05,1.8327e+05,1.8044e+05,1.8288e+05,1.8212e+05,1.8231e+05,1.7898e+05,1.8103e+05,1.7693e+05,1.7217e+05,1.7041e+05,1.62e+05,1.4779e+05,1.2326e+05,76926,37677,32423,55147,96256,1.3822e+05,1.5547e+05,1.6546e+05,1.7562e+05,1.7613e+05,1.7732e+05,1.8247e+05,1.8531e+05,1.9026e+05,1.8758e+05,1.9052e+05,1.9432e+05,1.9577e+05,2.0264e+05,2.0452e+05,2.0984e+05,2.0933e+05,2.1386e+05,2.1664e+05,2.1816e+05,2.1651e+05,2.1554e+05,2.1811e+05,2.2022e+05,2.1639e+05,2.2301e+05,2.1918e+05,NaN,NaN,NaN,NaN,NaN,NaN,NaN,NaN,NaN,NaN,NaN,NaN,NaN,NaN,NaN,NaN,NaN,NaN,NaN,NaN,NaN,NaN,NaN,NaN,NaN,NaN,NaN,NaN,NaN,NaN,NaN,NaN,NaN,NaN,NaN,NaN,NaN,NaN,NaN,NaN,NaN,NaN,NaN,NaN,NaN,NaN,NaN,NaN,NaN,NaN,NaN,NaN
2.1944e+05,2.1997e+05,2.1246e+05,2.1204e+05,2.1358e+05,2.0838e+05,2.0788e+05,2.0588e+05,2.0185e+05,1.9619e+05,1.9317e+05,1.8984e+05,1.8626e+05,1.8698e+05,1.8544e+05,1.856e+05,1.8158e+05,1.7905e+05,1.7962e+05,1.775e+05,1.7533e+05,1.6604e+05,1.5717e+05,1.4374e+05,1.2085e+05,89803,67374,66032,77675,86559,1.1295e+05,1.3828e+05,1.5461e+05,1.6382e+05,1.7307e+05,1.7753e+05,1.8617e+05,1.9281e+05,1.937e+05,1.9443e+05,1.9711e+05,1.9611e+05,1.9994e+05,2.0121e+05,2.0456e+05,2.0684e+05,2.1074e+05,2.146e+05,2.1639e+05,NaN,NaN,NaN,NaN,NaN,NaN,NaN,NaN,NaN,NaN,NaN,NaN,NaN,NaN,NaN,NaN,NaN,NaN,NaN,NaN,NaN,NaN,NaN,NaN,NaN,NaN,NaN,NaN,NaN,NaN,NaN,NaN,NaN,NaN,NaN,NaN,NaN,NaN,NaN,NaN,NaN,NaN,NaN,NaN,NaN,NaN,NaN,NaN,NaN,NaN,NaN,NaN
4.364e+05,4.1363e+05,4.0393e+05,3.9541e+05,3.9367e+05,3.7924e+05,3.8957e+05,3.7621e+05,3.8066e+05,3.8091e+05,3.7361e+05,3.766e+05,3.7274e+05,3.6342e+05,3.5697e+05,3.3056e+05,3.1644e+05,2.7331e+05,2.0148e+05,75588,71458,1.4862e+05,2.4668e+05,3.0742e+05,3.4407e+05,3.5847e+05,3.715e+05,3.717e+05,3.8097e+05,3.8851e+05,3.901e+05,3.8936e+05,4.0089e+05,3.9483e+05,3.9854e+05,4.1345e+05,4.1976e+05,4.2789e+05,4.2819e+05,4.3546e+05,4.3984e+05,4.4474e+05,4.4292e+05,4.4663e+05,4.4788e+05,4.5616e+05,4.5718e+05,4.5094e+05,4.5819e+05,NaN,NaN,NaN,NaN,NaN,NaN,NaN,NaN,NaN,NaN,NaN,NaN,NaN,NaN,NaN,NaN,NaN,NaN,NaN,NaN,NaN,NaN,NaN,NaN,NaN,NaN,NaN,NaN,NaN,NaN,NaN,NaN,NaN,NaN,NaN,NaN,NaN,NaN,NaN,NaN,NaN,NaN,NaN,NaN,NaN,NaN,NaN,NaN,NaN,NaN,NaN,NaN
1.871e+05,1.8562e+05,1.8698e+05,1.8518e+05,1.8514e+05,1.8276e+05,1.8269e+05,1.8163e+05,1.775e+05,1.8182e+05,1.7742e+05,1.7233e+05,1.7545e+05,1.7015e+05,1.6872e+05,1.6727e+05,1.6649e+05,1.5806e+05,1.5745e+05,1.5758e+05,1.5762e+05,1.5672e+05,1.5651e+05,1.5502e+05,1.538e+05,1.48e+05,1.425e+05,1.313e+05,1.2047e+05,97642,73708,65690,57636,59809,86732,1.1015e+05,1.288e+05,1.404e+05,1.5014e+05,1.5538e+05,1.5609e+05,1.5907e+05,1.5884e+05,1.6218e+05,1.6325e+05,1.654e+05,1.6908e+05,1.6676e+05,1.7147e+05,NaN,NaN,NaN,NaN,NaN,NaN,NaN,NaN,NaN,NaN,NaN,NaN,NaN,NaN,NaN,NaN,NaN,NaN,NaN,NaN,NaN,NaN,NaN,NaN,NaN,NaN,NaN,NaN,NaN,NaN,NaN,NaN,NaN,NaN,NaN,NaN,NaN,NaN,NaN,NaN,NaN,NaN,NaN,NaN,NaN,NaN,NaN,NaN,NaN,NaN,NaN,NaN
2.115e+05,1.999e+05,1.9941e+05,1.9182e+05,1.9159e+05,1.9267e+05,1.8942e+05,1.9082e+05,1.9282e+05,1.9021e+05,1.8854e+05,1.8799e+05,1.8481e+05,1.7131e+05,1.545e+05,1.3399e+05,89147,46135,34425,58719,1.0848e+05,1.4351e+05,1.6563e+05,1.7915e+05,1.8098e+05,1.8724e+05,1.8751e+05,1.9194e+05,1.9434e+05,2.0391e+05,2.0225e+05,2.0413e+05,1.956e+05,2.0631e+05,2.1051e+05,2.1511e+05,2.1625e+05,2.2063e+05,2.233e+05,2.2154e+05,2.1939e+05,2.2398e+05,2.2455e+05,2.217e+05,2.2386e+05,2.2618e+05,2.3139e+05,2.2997e+05,2.3093e+05,NaN,NaN,NaN,NaN,NaN,NaN,NaN,NaN,NaN,NaN,NaN,NaN,NaN,NaN,NaN,NaN,NaN,NaN,NaN,NaN,NaN,NaN,NaN,NaN,NaN,NaN,NaN,NaN,NaN,NaN,NaN,NaN,NaN,NaN,NaN,NaN,NaN,NaN,NaN,NaN,NaN,NaN,NaN,NaN,NaN,NaN,NaN,NaN,NaN,NaN,NaN,NaN
2.1969e+05,2.1651e+05,2.1169e+05,2.1003e+05,2.1032e+05,2.0691e+05,2.0591e+05,2.0044e+05,2.0159e+05,1.9813e+05,1.932e+05,1.8978e+05,1.8845e+05,1.8529e+05,1.845e+05,1.8279e+05,1.7791e+05,1.773e+05,1.7561e+05,1.7614e+05,1.749e+05,1.7083e+05,1.6763e+05,1.6226e+05,1.5149e+05,1.4261e+05,1.2729e+05,1.0677e+05,92982,89230,93858,1.0263e+05,1.2189e+05,1.4056e+05,1.545e+05,1.6692e+05,1.7198e+05,1.7618e+05,1.8056e+05,1.8107e+05,1.8507e+05,1.8755e+05,1.8919e+05,1.9312e+05,1.9376e+05,1.9739e+05,2.0405e+05,2.0209e+05,2.0403e+05,NaN,NaN,NaN,NaN,NaN,NaN,NaN,NaN,NaN,NaN,NaN,NaN,NaN,NaN,NaN,NaN,NaN,NaN,NaN,NaN,NaN,NaN,NaN,NaN,NaN,NaN,NaN,NaN,NaN,NaN,NaN,NaN,NaN,NaN,NaN,NaN,NaN,NaN,NaN,NaN,NaN,NaN,NaN,NaN,NaN,NaN,NaN,NaN,NaN,NaN,NaN,NaN
4.0502e+05,3.412e+05,3.3041e+05,3.2557e+05,3.2084e+05,3.2748e+05,3.2716e+05,3.2574e+05,3.291e+05,3.3126e+05,3.2583e+05,3.2698e+05,3.3159e+05,3.2977e+05,3.2421e+05,3.2576e+05,3.2379e+05,3.2657e+05,3.2292e+05,3.2156e+05,3.1566e+05,3.1887e+05,3.1892e+05,3.214e+05,3.1093e+05,3.1435e+05,3.1836e+05,3.1669e+05,3.1103e+05,3.1416e+05,3.1567e+05,3.1827e+05,3.1284e+05,3.1223e+05,3.1698e+05,3.0933e+05,3.1545e+05,3.1108e+05,3.2144e+05,3.1308e+05,3.1889e+05,3.0848e+05,3.1305e+05,3.0633e+05,3.1241e+05,3.0664e+05,3.0828e+05,3.1077e+05,3.1058e+05,3.1187e+05,3.0686e+05,3.0532e+05,3.0606e+05,3.079e+05,2.9535e+05,2.9033e+05,2.701e+05,2.4226e+05,2.1498e+05,1.36e+05,1.2883e+05,1.4059e+05,1.7948e+05,2.3727e+05,2.57e+05,2.89e+05,2.9829e+05,3.0306e+05,3.027e+05,3.1116e+05,3.1331e+05,3.1529e+05,3.0954e+05,3.0507e+05,3.133e+05,3.1029e+05,3.149e+05,3.0901e+05,3.1614e+05,3.1477e+05,3.1702e+05,3.1639e+05,3.2105e+05,3.1151e+05,3.1783e+05,3.1943e+05,3.2644e+05,3.173e+05,3.2017e+05,3.2167e+05,3.1961e+05,3.2579e+05,3.2484e+05,3.248e+05,3.2528e+05,3.2341e+05,3.2454e+05,3.1706e+05,3.201e+05,3.2289e+05,3.2444e+05
1.4289e+05,1.5091e+05,1.3807e+05,1.3392e+05,1.3146e+05,1.4984e+05,1.4007e+05,1.3524e+05,1.2941e+05,1.332e+05,1.3205e+05,1.4642e+05,1.3151e+05,1.3202e+05,1.5403e+05,1.2698e+05,1.2574e+05,1.234e+05,1.0746e+05,80924,30271,20194,34377,81104,1.0839e+05,1.1728e+05,1.2434e+05,1.3447e+05,1.298e+05,1.3275e+05,1.3453e+05,1.3313e+05,1.3384e+05,1.3375e+05,1.3507e+05,1.4932e+05,1.327e+05,1.3413e+05,1.375e+05,1.3863e+05,1.3986e+05,1.3838e+05,1.4025e+05,1.3684e+05,1.3741e+05,1.646e+05,1.3918e+05,1.4496e+05,1.4005e+05,NaN,NaN,NaN,NaN,NaN,NaN,NaN,NaN,NaN,NaN,NaN,NaN,NaN,NaN,NaN,NaN,NaN,NaN,NaN,NaN,NaN,NaN,NaN,NaN,NaN,NaN,NaN,NaN,NaN,NaN,NaN,NaN,NaN,NaN,NaN,NaN,NaN,NaN,NaN,NaN,NaN,NaN,NaN,NaN,NaN,NaN,NaN,NaN,NaN,NaN,NaN,NaN
2.1969e+05,2.1816e+05,2.1346e+05,2.1512e+05,2.1055e+05,2.1126e+05,2.0855e+05,2.0597e+05,2.0455e+05,2e+05,1.9775e+05,1.933e+05,1.9521e+05,1.8707e+05,1.8639e+05,1.8329e+05,1.8215e+05,1.8155e+05,1.7988e+05,1.7717e+05,1.7948e+05,1.7369e+05,1.6842e+05,1.6079e+05,1.522e+05,1.3309e+05,1.0414e+05,79387,69080,72849,81683,1.1263e+05,1.3633e+05,1.5259e+05,1.645e+05,1.7256e+05,1.7932e+05,1.8388e+05,1.8542e+05,1.9016e+05,1.8981e+05,1.907e+05,1.9497e+05,1.9372e+05,1.9789e+05,1.9927e+05,2.0264e+05,2.0662e+05,2.0806e+05,NaN,NaN,NaN,NaN,NaN,NaN,NaN,NaN,NaN,NaN,NaN,NaN,NaN,NaN,NaN,NaN,NaN,NaN,NaN,NaN,NaN,NaN,NaN,NaN,NaN,NaN,NaN,NaN,NaN,NaN,NaN,NaN,NaN,NaN,NaN,NaN,NaN,NaN,NaN,NaN,NaN,NaN,NaN,NaN,NaN,NaN,NaN,NaN,NaN,NaN,NaN,NaN
4.3557e+05,3.5243e+05,3.3699e+05,3.4615e+05,3.4739e+05,3.483e+05,3.4931e+05,3.4993e+05,3.4239e+05,3.4091e+05,3.4077e+05,3.4565e+05,3.4414e+05,3.4649e+05,3.4059e+05,3.4175e+05,3.4501e+05,3.4109e+05,3.421e+05,3.393e+05,3.4146e+05,3.2374e+05,3.3513e+05,3.3112e+05,3.2981e+05,3.3037e+05,3.2885e+05,3.3534e+05,3.333e+05,3.3348e+05,3.2553e+05,3.3013e+05,3.2959e+05,3.3155e+05,3.3016e+05,3.2931e+05,3.292e+05,3.344e+05,3.3124e+05,3.2837e+05,3.2888e+05,3.2872e+05,3.2752e+05,3.2906e+05,3.2668e+05,3.2697e+05,3.3252e+05,3.1911e+05,3.2152e+05,3.2935e+05,3.154e+05,3.097e+05,2.9588e+05,2.7516e+05,2.3502e+05,1.7385e+05,1.465e+05,1.1615e+05,1.5422e+05,2.3469e+05,2.7248e+05,2.9352e+05,3.0293e+05,3.2463e+05,3.1861e+05,3.1881e+05,3.2067e+05,3.2699e+05,3.303e+05,3.2926e+05,3.2471e+05,3.3043e+05,3.2569e+05,3.2237e+05,3.336e+05,3.2275e+05,3.3357e+05,3.2775e+05,3.2612e+05,3.319e+05,3.3126e+05,3.563e+05,3.3226e+05,3.3082e+05,3.299e+05,3.1758e+05,3.3247e+05,3.3082e+05,3.3068e+05,3.3078e+05,3.3524e+05,3.3518e+05,3.4269e+05,3.3391e+05,3.3517e+05,3.2908e+05,3.3178e+05,3.3786e+05,3.3678e+05,3.396e+05,3.3548e+05
1.9132e+05,1.8496e+05,1.8291e+05,1.8201e+05,1.7819e+05,1.7672e+05,1.7405e+05,1.7303e+05,1.6613e+05,1.7001e+05,1.6201e+05,1.6789e+05,1.6698e+05,1.6111e+05,1.6158e+05,1.5166e+05,1.4191e+05,1.1952e+05,98997,71057,37511,38664,58550,93524,1.169e+05,1.3973e+05,1.5316e+05,1.5912e+05,1.605e+05,1.6494e+05,1.6945e+05,1.7402e+05,1.7495e+05,1.7588e+05,1.7738e+05,1.7351e+05,1.8415e+05,1.8135e+05,1.8799e+05,1.8989e+05,1.8922e+05,1.9649e+05,1.9626e+05,1.9611e+05,2.0102e+05,1.98e+05,1.9995e+05,1.9867e+05,1.9206e+05,NaN,NaN,NaN,NaN,NaN,NaN,NaN,NaN,NaN,NaN,NaN,NaN,NaN,NaN,NaN,NaN,NaN,NaN,NaN,NaN,NaN,NaN,NaN,NaN,NaN,NaN,NaN,NaN,NaN,NaN,NaN,NaN,NaN,NaN,NaN,NaN,NaN,NaN,NaN,NaN,NaN,NaN,NaN,NaN,NaN,NaN,NaN,NaN,NaN,NaN,NaN,NaN
1.9116e+05,1.8329e+05,1.8199e+05,1.8011e+05,1.8071e+05,1.7978e+05,1.7685e+05,1.7852e+05,1.765e+05,1.7266e+05,1.7349e+05,1.6945e+05,1.7047e+05,1.6663e+05,1.6525e+05,1.604e+05,1.5776e+05,1.5634e+05,1.5785e+05,1.5441e+05,1.5431e+05,1.5677e+05,1.5569e+05,1.5552e+05,1.4835e+05,1.4162e+05,1.3055e+05,1.1513e+05,92690,64046,57617,60902,75700,1.0373e+05,1.2653e+05,1.3533e+05,1.4475e+05,1.5027e+05,1.544e+05,1.59e+05,1.5847e+05,1.601e+05,1.6197e+05,1.6407e+05,1.6553e+05,1.6904e+05,1.7189e+05,1.7323e+05,1.7724e+05,NaN,NaN,NaN,NaN,NaN,NaN,NaN,NaN,NaN,NaN,NaN,NaN,NaN,NaN,NaN,NaN,NaN,NaN,NaN,NaN,NaN,NaN,NaN,NaN,NaN,NaN,NaN,NaN,NaN,NaN,NaN,NaN,NaN,NaN,NaN,NaN,NaN,NaN,NaN,NaN,NaN,NaN,NaN,NaN,NaN,NaN,NaN,NaN,NaN,NaN,NaN,NaN
2.5608e+05,2.5396e+05,2.5117e+05,2.5098e+05,2.4877e+05,2.5129e+05,2.4373e+05,2.4114e+05,2.3743e+05,2.2978e+05,2.2581e+05,2.304e+05,2.2157e+05,2.2618e+05,2.1779e+05,2.2052e+05,2.1693e+05,2.1902e+05,2.1273e+05,2.2345e+05,2.1619e+05,2.1087e+05,2.1304e+05,1.8708e+05,1.5151e+05,1.073e+05,73374,72448,1.2036e+05,1.5451e+05,1.9137e+05,2.0844e+05,2.1556e+05,2.1996e+05,2.3283e+05,2.2764e+05,2.2475e+05,2.3512e+05,2.3237e+05,2.249e+05,2.3512e+05,2.3825e+05,2.3799e+05,2.3883e+05,2.4931e+05,2.4215e+05,2.4863e+05,2.5847e+05,2.4824e+05,NaN,NaN,NaN,NaN,NaN,NaN,NaN,NaN,NaN,NaN,NaN,NaN,NaN,NaN,NaN,NaN,NaN,NaN,NaN,NaN,NaN,NaN,NaN,NaN,NaN,NaN,NaN,NaN,NaN,NaN,NaN,NaN,NaN,NaN,NaN,NaN,NaN,NaN,NaN,NaN,NaN,NaN,NaN,NaN,NaN,NaN,NaN,NaN,NaN,NaN,NaN,NaN
1.9865e+05,1.9978e+05,1.9639e+05,1.9567e+05,1.8723e+05,1.846e+05,1.819e+05,1.8228e+05,1.8508e+05,1.7749e+05,1.7973e+05,1.7554e+05,1.8057e+05,1.6564e+05,1.6183e+05,1.4946e+05,1.3939e+05,1.1761e+05,71167,40166,37591,71617,1.1215e+05,1.3577e+05,1.543e+05,1.6325e+05,1.6832e+05,1.7096e+05,1.6891e+05,1.7723e+05,1.757e+05,1.847e+05,1.8184e+05,1.8402e+05,1.8092e+05,1.8226e+05,1.9068e+05,1.9511e+05,2.0261e+05,1.9821e+05,2.029e+05,2.0127e+05,2.0639e+05,2.0168e+05,2.1113e+05,2.061e+05,2.0312e+05,2.067e+05,2.0796e+05,NaN,NaN,NaN,NaN,NaN,NaN,NaN,NaN,NaN,NaN,NaN,NaN,NaN,NaN,NaN,NaN,NaN,NaN,NaN,NaN,NaN,NaN,NaN,NaN,NaN,NaN,NaN,NaN,NaN,NaN,NaN,NaN,NaN,NaN,NaN,NaN,NaN,NaN,NaN,NaN,NaN,NaN,NaN,NaN,NaN,NaN,NaN,NaN,NaN,NaN,NaN,NaN
1.7436e+05,1.6995e+05,1.6426e+05,1.6849e+05,1.6873e+05,1.6004e+05,1.6532e+05,1.6452e+05,1.5729e+05,1.5859e+05,1.5697e+05,1.5302e+05,1.537e+05,1.4873e+05,1.4613e+05,1.4807e+05,1.4277e+05,1.4065e+05,1.4165e+05,1.3781e+05,1.3603e+05,1.3353e+05,1.2952e+05,1.2968e+05,1.2075e+05,1.0977e+05,95408,81718,76831,76797,74536,76981,86531,96629,1.0475e+05,1.1063e+05,1.193e+05,1.2842e+05,1.3685e+05,1.393e+05,1.3909e+05,1.4045e+05,1.3685e+05,1.3948e+05,1.4117e+05,1.4488e+05,1.4459e+05,1.4634e+05,1.459e+05,NaN,NaN,NaN,NaN,NaN,NaN,NaN,NaN,NaN,NaN,NaN,NaN,NaN,NaN,NaN,NaN,NaN,NaN,NaN,NaN,NaN,NaN,NaN,NaN,NaN,NaN,NaN,NaN,NaN,NaN,NaN,NaN,NaN,NaN,NaN,NaN,NaN,NaN,NaN,NaN,NaN,NaN,NaN,NaN,NaN,NaN,NaN,NaN,NaN,NaN,NaN,NaN
2.3611e+05,2.2631e+05,2.2769e+05,2.2524e+05,2.2427e+05,2.183e+05,2.1711e+05,2.1905e+05,2.0473e+05,2.0094e+05,1.992e+05,1.9326e+05,2.0132e+05,1.9741e+05,1.9991e+05,1.9558e+05,1.9385e+05,1.8644e+05,1.8603e+05,1.7432e+05,1.667e+05,1.5865e+05,1.323e+05,99044,65663,42552,75854,1.2443e+05,1.6214e+05,1.8192e+05,1.8746e+05,1.9175e+05,1.9443e+05,1.9765e+05,1.8923e+05,1.9456e+05,2.0234e+05,2.0588e+05,2.0246e+05,2.0011e+05,2.0141e+05,2.1046e+05,2.0643e+05,2.198e+05,2.1538e+05,2.1504e+05,2.2463e+05,2.1941e+05,2.2603e+05,NaN,NaN,NaN,NaN,NaN,NaN,NaN,NaN,NaN,NaN,NaN,NaN,NaN,NaN,NaN,NaN,NaN,NaN,NaN,NaN,NaN,NaN,NaN,NaN,NaN,NaN,NaN,NaN,NaN,NaN,NaN,NaN,NaN,NaN,NaN,NaN,NaN,NaN,NaN,NaN,NaN,NaN,NaN,NaN,NaN,NaN,NaN,NaN,NaN,NaN,NaN,NaN
1.8024e+05,1.8187e+05,1.8415e+05,1.8281e+05,1.8042e+05,1.8168e+05,1.8296e+05,1.7701e+05,1.7696e+05,1.7536e+05,1.7728e+05,1.7044e+05,1.7003e+05,1.6827e+05,1.6808e+05,1.6065e+05,1.6479e+05,1.6079e+05,1.6258e+05,1.6068e+05,1.5775e+05,1.5734e+05,1.5662e+05,1.5949e+05,1.575e+05,1.5391e+05,1.5012e+05,1.4277e+05,1.3361e+05,1.124e+05,77974,41355,35543,67008,98725,1.2674e+05,1.4123e+05,1.5072e+05,1.5364e+05,1.5818e+05,1.5948e+05,1.6233e+05,1.644e+05,1.6511e+05,1.6766e+05,1.6569e+05,1.6566e+05,1.6878e+05,1.731e+05,NaN,NaN,NaN,NaN,NaN,NaN,NaN,NaN,NaN,NaN,NaN,NaN,NaN,NaN,NaN,NaN,NaN,NaN,NaN,NaN,NaN,NaN,NaN,NaN,NaN,NaN,NaN,NaN,NaN,NaN,NaN,NaN,NaN,NaN,NaN,NaN,NaN,NaN,NaN,NaN,NaN,NaN,NaN,NaN,NaN,NaN,NaN,NaN,NaN,NaN,NaN,NaN
2.2173e+05,2.1539e+05,2.1473e+05,2.1335e+05,2.1108e+05,2.0869e+05,2.0783e+05,2.057e+05,2.0542e+05,2.0248e+05,1.9847e+05,1.9609e+05,1.9233e+05,1.9004e+05,1.8563e+05,1.8522e+05,1.8423e+05,1.8085e+05,1.8143e+05,1.8115e+05,1.8224e+05,1.7764e+05,1.7421e+05,1.7288e+05,1.6445e+05,1.5757e+05,1.4474e+05,1.239e+05,95769,77942,73009,1.0361e+05,1.2949e+05,1.5266e+05,1.627e+05,1.7391e+05,1.7985e+05,1.8562e+05,1.8704e+05,1.901e+05,1.9286e+05,1.9321e+05,1.9493e+05,1.9572e+05,1.9942e+05,2.0185e+05,2.0403e+05,2.0987e+05,2.1142e+05,NaN,NaN,NaN,NaN,NaN,NaN,NaN,NaN,NaN,NaN,NaN,NaN,NaN,NaN,NaN,NaN,NaN,NaN,NaN,NaN,NaN,NaN,NaN,NaN,NaN,NaN,NaN,NaN,NaN,NaN,NaN,NaN,NaN,NaN,NaN,NaN,NaN,NaN,NaN,NaN,NaN,NaN,NaN,NaN,NaN,NaN,NaN,NaN,NaN,NaN,NaN,NaN
